-- --------------------------------------------------------
-- Host:                         127.0.0.1
-- Server version:               11.6.2-MariaDB - mariadb.org binary distribution
-- Server OS:                    Win64
-- HeidiSQL Version:             12.8.0.6908
-- --------------------------------------------------------

/*!40101 SET @OLD_CHARACTER_SET_CLIENT=@@CHARACTER_SET_CLIENT */;
/*!40101 SET NAMES utf8 */;
/*!50503 SET NAMES utf8mb4 */;
/*!40103 SET @OLD_TIME_ZONE=@@TIME_ZONE */;
/*!40103 SET TIME_ZONE='+00:00' */;
/*!40014 SET @OLD_FOREIGN_KEY_CHECKS=@@FOREIGN_KEY_CHECKS, FOREIGN_KEY_CHECKS=0 */;
/*!40101 SET @OLD_SQL_MODE=@@SQL_MODE, SQL_MODE='NO_AUTO_VALUE_ON_ZERO' */;
/*!40111 SET @OLD_SQL_NOTES=@@SQL_NOTES, SQL_NOTES=0 */;


-- Dumping database structure for ateneagrunecodb
CREATE DATABASE IF NOT EXISTS `ateneagrunecodb` /*!40100 DEFAULT CHARACTER SET utf8mb4 COLLATE utf8mb4_unicode_ci */;
USE `ateneagrunecodb`;

-- Dumping structure for table ateneagrunecodb.auth_group
CREATE TABLE IF NOT EXISTS `auth_group` (
  `id` int(11) NOT NULL AUTO_INCREMENT,
  `name` varchar(150) NOT NULL,
  PRIMARY KEY (`id`),
  UNIQUE KEY `name` (`name`)
) ENGINE=InnoDB DEFAULT CHARSET=utf8mb4 COLLATE=utf8mb4_unicode_ci;

-- Dumping data for table ateneagrunecodb.auth_group: ~0 rows (approximately)

-- Dumping structure for table ateneagrunecodb.auth_group_permissions
CREATE TABLE IF NOT EXISTS `auth_group_permissions` (
  `id` int(11) NOT NULL AUTO_INCREMENT,
  `group_id` int(11) NOT NULL,
  `permission_id` int(11) NOT NULL,
  PRIMARY KEY (`id`),
  UNIQUE KEY `auth_group_permissions_group_id_permission_id_0cd325b0_uniq` (`group_id`,`permission_id`),
  KEY `auth_group_permissio_permission_id_84c5c92e_fk_auth_perm` (`permission_id`),
  CONSTRAINT `auth_group_permissio_permission_id_84c5c92e_fk_auth_perm` FOREIGN KEY (`permission_id`) REFERENCES `auth_permission` (`id`),
  CONSTRAINT `auth_group_permissions_group_id_b120cbf9_fk_auth_group_id` FOREIGN KEY (`group_id`) REFERENCES `auth_group` (`id`)
) ENGINE=InnoDB DEFAULT CHARSET=utf8mb4 COLLATE=utf8mb4_unicode_ci;

-- Dumping data for table ateneagrunecodb.auth_group_permissions: ~0 rows (approximately)

-- Dumping structure for table ateneagrunecodb.auth_permission
CREATE TABLE IF NOT EXISTS `auth_permission` (
  `id` int(11) NOT NULL AUTO_INCREMENT,
  `name` varchar(255) NOT NULL,
  `content_type_id` int(11) NOT NULL,
  `codename` varchar(100) NOT NULL,
  PRIMARY KEY (`id`),
  UNIQUE KEY `auth_permission_content_type_id_codename_01ab375a_uniq` (`content_type_id`,`codename`),
  CONSTRAINT `auth_permission_content_type_id_2f476e4b_fk_django_co` FOREIGN KEY (`content_type_id`) REFERENCES `django_content_type` (`id`)
) ENGINE=InnoDB AUTO_INCREMENT=57 DEFAULT CHARSET=utf8mb4 COLLATE=utf8mb4_unicode_ci;

-- Dumping data for table ateneagrunecodb.auth_permission: ~52 rows (approximately)
REPLACE INTO `auth_permission` (`id`, `name`, `content_type_id`, `codename`) VALUES
	(1, 'Can add log entry', 1, 'add_logentry'),
	(2, 'Can change log entry', 1, 'change_logentry'),
	(3, 'Can delete log entry', 1, 'delete_logentry'),
	(4, 'Can view log entry', 1, 'view_logentry'),
	(5, 'Can add permission', 2, 'add_permission'),
	(6, 'Can change permission', 2, 'change_permission'),
	(7, 'Can delete permission', 2, 'delete_permission'),
	(8, 'Can view permission', 2, 'view_permission'),
	(9, 'Can add group', 3, 'add_group'),
	(10, 'Can change group', 3, 'change_group'),
	(11, 'Can delete group', 3, 'delete_group'),
	(12, 'Can view group', 3, 'view_group'),
	(13, 'Can add user', 4, 'add_user'),
	(14, 'Can change user', 4, 'change_user'),
	(15, 'Can delete user', 4, 'delete_user'),
	(16, 'Can view user', 4, 'view_user'),
	(17, 'Can add content type', 5, 'add_contenttype'),
	(18, 'Can change content type', 5, 'change_contenttype'),
	(19, 'Can delete content type', 5, 'delete_contenttype'),
	(20, 'Can view content type', 5, 'view_contenttype'),
	(21, 'Can add session', 6, 'add_session'),
	(22, 'Can change session', 6, 'change_session'),
	(23, 'Can delete session', 6, 'delete_session'),
	(24, 'Can view session', 6, 'view_session'),
	(25, 'Can add user', 7, 'add_customuser'),
	(26, 'Can change user', 7, 'change_customuser'),
	(27, 'Can delete user', 7, 'delete_customuser'),
	(28, 'Can view user', 7, 'view_customuser'),
	(29, 'Can add Datos Demográficos', 8, 'add_datosdemograficos'),
	(30, 'Can change Datos Demográficos', 8, 'change_datosdemograficos'),
	(31, 'Can delete Datos Demográficos', 8, 'delete_datosdemograficos'),
	(32, 'Can view Datos Demográficos', 8, 'view_datosdemograficos'),
	(33, 'Can add proyecto', 9, 'add_proyecto'),
	(34, 'Can change proyecto', 9, 'change_proyecto'),
	(35, 'Can delete proyecto', 9, 'delete_proyecto'),
	(36, 'Can view proyecto', 9, 'view_proyecto'),
	(37, 'Can add Examen', 10, 'add_examen'),
	(38, 'Can change Examen', 10, 'change_examen'),
	(39, 'Can delete Examen', 10, 'delete_examen'),
	(40, 'Can view Examen', 10, 'view_examen'),
	(41, 'Can add visita', 11, 'add_visita'),
	(42, 'Can change visita', 11, 'change_visita'),
	(43, 'Can delete visita', 11, 'delete_visita'),
	(44, 'Can view visita', 11, 'view_visita'),
	(45, 'Can add visita examen', 12, 'add_visitaexamen'),
	(46, 'Can change visita examen', 12, 'change_visitaexamen'),
	(47, 'Can delete visita examen', 12, 'delete_visitaexamen'),
	(48, 'Can view visita examen', 12, 'view_visitaexamen'),
	(49, 'Can add resultado examen', 13, 'add_resultadoexamen'),
	(50, 'Can change resultado examen', 13, 'change_resultadoexamen'),
	(51, 'Can delete resultado examen', 13, 'delete_resultadoexamen'),
	(52, 'Can view resultado examen', 13, 'view_resultadoexamen'),
	(53, 'Can add tipo visita', 14, 'add_tipovisita'),
	(54, 'Can change tipo visita', 14, 'change_tipovisita'),
	(55, 'Can delete tipo visita', 14, 'delete_tipovisita'),
	(56, 'Can view tipo visita', 14, 'view_tipovisita');

-- Dumping structure for table ateneagrunecodb.auth_user
CREATE TABLE IF NOT EXISTS `auth_user` (
  `id` int(11) NOT NULL AUTO_INCREMENT,
  `password` varchar(128) NOT NULL,
  `last_login` datetime(6) DEFAULT NULL,
  `is_superuser` tinyint(1) NOT NULL,
  `username` varchar(150) NOT NULL,
  `first_name` varchar(150) NOT NULL,
  `last_name` varchar(150) NOT NULL,
  `email` varchar(254) NOT NULL,
  `is_staff` tinyint(1) NOT NULL,
  `is_active` tinyint(1) NOT NULL,
  `date_joined` datetime(6) NOT NULL,
  PRIMARY KEY (`id`),
  UNIQUE KEY `username` (`username`)
) ENGINE=InnoDB AUTO_INCREMENT=10 DEFAULT CHARSET=utf8mb4 COLLATE=utf8mb4_unicode_ci;

-- Dumping data for table ateneagrunecodb.auth_user: ~8 rows (approximately)
REPLACE INTO `auth_user` (`id`, `password`, `last_login`, `is_superuser`, `username`, `first_name`, `last_name`, `email`, `is_staff`, `is_active`, `date_joined`) VALUES
	(1, 'pbkdf2_sha256$260000$2QeyKedFsD00IdGCyDqSkn$FTKQ5I8DpA2WO6VMSYGdb83TV9DzxG0ImTMpYxmFbao=', '2025-02-27 19:06:26.460698', 1, 'silvania.ramos@udea.edu.co', '', '', 'silvania.ramos@udea.edu.co', 1, 1, '2025-02-18 17:55:17.188944'),
	(3, 'pbkdf2_sha256$260000$PuvLYHRukBfb6dIp66ZxXf$kT8sbxGXXlNAMQ8NNztdTBsEOwN0wFh4zfFs0M9UK2k=', NULL, 1, 'joven.investigador@udea.edu.co', '', '', 'joven.investigador@udea.edu.co', 1, 1, '2025-03-10 13:08:16.846059'),
	(4, 'pbkdf2_sha256$260000$bJaxC53DrHf7CjSBHWvKAR$ePz6Pc89dXRlXSDgQCsQ2TNr1tpn1yyKJWguuWvf/cY=', NULL, 1, 'neuro.maravilla@udea.edu.co', '', '', 'neuro.maravilla@udea.edu.co', 1, 1, '2025-03-10 13:11:54.391572'),
	(5, 'pbkdf2_sha256$260000$nLco2kCAZyRwEThc1WjRGd$soN62GLX6fe4C3QfmPj28ge4Z+SAd0AF923LB4ha1Uo=', NULL, 1, 'andres.diazh@udea.edu.co', '', '', 'andres.diazh@udea.edu.co', 1, 1, '2025-03-12 02:26:34.732639'),
	(6, 'pbkdf2_sha256$260000$Xp7BXjaCnc29aSHnilO7fm$xyIsJQ/Nf8XoPWAs7T55s7uXOiJA/FotvoppjStMEVQ=', NULL, 1, 'guillermo.bedoya1@udea.edu.co', '', '', 'guillermo.bedoya1@udea.edu.co', 1, 1, '2025-03-12 02:26:55.283915'),
	(7, 'pbkdf2_sha256$260000$N2I4kvuJere8E4pvpLSWfG$CuDqkgbSh/E5P/joQ9JtJsWdfzxz2tBkUEf6B4n9x8M=', NULL, 1, 'emiliano.lopezdemesa@udea.edu.co', '', '', 'emiliano.lopezdemesa@udea.edu.co', 1, 1, '2025-03-12 02:27:53.690082'),
	(8, 'pbkdf2_sha256$260000$mNhcA0AB5uIJ5ubkbsGnis$1o9C4pUz5ruZra26PGrWopNmbl3+DchF2zOeX5MVozA=', NULL, 1, 'veronica.ramirezl@udea.edu.co', '', '', 'veronica.ramirezl@udea.edu.co', 1, 1, '2025-03-12 02:28:24.313299'),
	(9, 'pbkdf2_sha256$260000$yRjVcMsn7LQvNHhdUFdAjK$c/QxpuyL3f8PxE2FMIKtfaiWkFropxGOPveY+KTv/Jo=', NULL, 1, 'carlos.tobonq@udea.edu.co', '', '', 'carlos.tobonq@udea.edu.co', 1, 1, '2025-03-12 02:29:16.141350');

-- Dumping structure for table ateneagrunecodb.auth_user_groups
CREATE TABLE IF NOT EXISTS `auth_user_groups` (
  `id` int(11) NOT NULL AUTO_INCREMENT,
  `user_id` int(11) NOT NULL,
  `group_id` int(11) NOT NULL,
  PRIMARY KEY (`id`),
  UNIQUE KEY `auth_user_groups_user_id_group_id_94350c0c_uniq` (`user_id`,`group_id`),
  KEY `auth_user_groups_group_id_97559544_fk_auth_group_id` (`group_id`),
  CONSTRAINT `auth_user_groups_group_id_97559544_fk_auth_group_id` FOREIGN KEY (`group_id`) REFERENCES `auth_group` (`id`),
  CONSTRAINT `auth_user_groups_user_id_6a12ed8b_fk_auth_user_id` FOREIGN KEY (`user_id`) REFERENCES `auth_user` (`id`)
) ENGINE=InnoDB DEFAULT CHARSET=utf8mb4 COLLATE=utf8mb4_unicode_ci;

-- Dumping data for table ateneagrunecodb.auth_user_groups: ~0 rows (approximately)

-- Dumping structure for table ateneagrunecodb.auth_user_user_permissions
CREATE TABLE IF NOT EXISTS `auth_user_user_permissions` (
  `id` int(11) NOT NULL AUTO_INCREMENT,
  `user_id` int(11) NOT NULL,
  `permission_id` int(11) NOT NULL,
  PRIMARY KEY (`id`),
  UNIQUE KEY `auth_user_user_permissions_user_id_permission_id_14a6b632_uniq` (`user_id`,`permission_id`),
  KEY `auth_user_user_permi_permission_id_1fbb5f2c_fk_auth_perm` (`permission_id`),
  CONSTRAINT `auth_user_user_permi_permission_id_1fbb5f2c_fk_auth_perm` FOREIGN KEY (`permission_id`) REFERENCES `auth_permission` (`id`),
  CONSTRAINT `auth_user_user_permissions_user_id_a95ead1b_fk_auth_user_id` FOREIGN KEY (`user_id`) REFERENCES `auth_user` (`id`)
) ENGINE=InnoDB DEFAULT CHARSET=utf8mb4 COLLATE=utf8mb4_unicode_ci;

-- Dumping data for table ateneagrunecodb.auth_user_user_permissions: ~0 rows (approximately)

-- Dumping structure for table ateneagrunecodb.django_admin_log
CREATE TABLE IF NOT EXISTS `django_admin_log` (
  `id` int(11) NOT NULL AUTO_INCREMENT,
  `action_time` datetime(6) NOT NULL,
  `object_id` longtext DEFAULT NULL,
  `object_repr` varchar(200) NOT NULL,
  `action_flag` smallint(5) unsigned NOT NULL CHECK (`action_flag` >= 0),
  `change_message` longtext NOT NULL,
  `content_type_id` int(11) DEFAULT NULL,
  `user_id` int(11) NOT NULL,
  PRIMARY KEY (`id`),
  KEY `django_admin_log_content_type_id_c4bce8eb_fk_django_co` (`content_type_id`),
  KEY `django_admin_log_user_id_c564eba6_fk_auth_user_id` (`user_id`),
  CONSTRAINT `django_admin_log_content_type_id_c4bce8eb_fk_django_co` FOREIGN KEY (`content_type_id`) REFERENCES `django_content_type` (`id`),
  CONSTRAINT `django_admin_log_user_id_c564eba6_fk_auth_user_id` FOREIGN KEY (`user_id`) REFERENCES `auth_user` (`id`)
) ENGINE=InnoDB DEFAULT CHARSET=utf8mb4 COLLATE=utf8mb4_unicode_ci;

-- Dumping data for table ateneagrunecodb.django_admin_log: ~0 rows (approximately)

-- Dumping structure for table ateneagrunecodb.django_content_type
CREATE TABLE IF NOT EXISTS `django_content_type` (
  `id` int(11) NOT NULL AUTO_INCREMENT,
  `app_label` varchar(100) NOT NULL,
  `model` varchar(100) NOT NULL,
  PRIMARY KEY (`id`),
  UNIQUE KEY `django_content_type_app_label_model_76bd3d3b_uniq` (`app_label`,`model`)
) ENGINE=InnoDB AUTO_INCREMENT=15 DEFAULT CHARSET=utf8mb4 COLLATE=utf8mb4_unicode_ci;

-- Dumping data for table ateneagrunecodb.django_content_type: ~13 rows (approximately)
REPLACE INTO `django_content_type` (`id`, `app_label`, `model`) VALUES
	(1, 'admin', 'logentry'),
	(3, 'auth', 'group'),
	(2, 'auth', 'permission'),
	(4, 'auth', 'user'),
	(5, 'contenttypes', 'contenttype'),
	(7, 'home', 'customuser'),
	(8, 'home', 'datosdemograficos'),
	(10, 'home', 'examen'),
	(9, 'home', 'proyecto'),
	(13, 'home', 'resultadoexamen'),
	(14, 'home', 'tipovisita'),
	(11, 'home', 'visita'),
	(12, 'home', 'visitaexamen'),
	(6, 'sessions', 'session');

-- Dumping structure for table ateneagrunecodb.django_migrations
CREATE TABLE IF NOT EXISTS `django_migrations` (
  `id` int(11) NOT NULL AUTO_INCREMENT,
  `app` varchar(255) NOT NULL,
  `name` varchar(255) NOT NULL,
  `applied` datetime(6) NOT NULL,
  PRIMARY KEY (`id`)
) ENGINE=InnoDB AUTO_INCREMENT=37 DEFAULT CHARSET=utf8mb4 COLLATE=utf8mb4_unicode_ci;

-- Dumping data for table ateneagrunecodb.django_migrations: ~36 rows (approximately)
REPLACE INTO `django_migrations` (`id`, `app`, `name`, `applied`) VALUES
	(1, 'contenttypes', '0001_initial', '2025-02-18 17:46:40.504564'),
	(2, 'auth', '0001_initial', '2025-02-18 17:46:40.694959'),
	(3, 'admin', '0001_initial', '2025-02-18 17:46:40.750320'),
	(4, 'admin', '0002_logentry_remove_auto_add', '2025-02-18 17:46:40.762952'),
	(5, 'admin', '0003_logentry_add_action_flag_choices', '2025-02-18 17:46:40.778432'),
	(6, 'contenttypes', '0002_remove_content_type_name', '2025-02-18 17:46:40.829043'),
	(7, 'auth', '0002_alter_permission_name_max_length', '2025-02-18 17:46:40.850590'),
	(8, 'auth', '0003_alter_user_email_max_length', '2025-02-18 17:46:40.881568'),
	(9, 'auth', '0004_alter_user_username_opts', '2025-02-18 17:46:40.897783'),
	(10, 'auth', '0005_alter_user_last_login_null', '2025-02-18 17:46:40.946476'),
	(11, 'auth', '0006_require_contenttypes_0002', '2025-02-18 17:46:40.955924'),
	(12, 'auth', '0007_alter_validators_add_error_messages', '2025-02-18 17:46:40.968105'),
	(13, 'auth', '0008_alter_user_username_max_length', '2025-02-18 17:46:40.985654'),
	(14, 'auth', '0009_alter_user_last_name_max_length', '2025-02-18 17:46:41.011565'),
	(15, 'auth', '0010_alter_group_name_max_length', '2025-02-18 17:46:41.035448'),
	(16, 'auth', '0011_update_proxy_permissions', '2025-02-18 17:46:41.052233'),
	(17, 'auth', '0012_alter_user_first_name_max_length', '2025-02-18 17:46:41.080031'),
	(18, 'sessions', '0001_initial', '2025-02-18 17:46:41.111752'),
	(19, 'home', '0001_initial', '2025-02-18 17:47:38.400649'),
	(20, 'home', '0002_proyecto_pacientes', '2025-02-24 20:47:46.243802'),
	(21, 'home', '0003_auto_20250224_1727', '2025-02-24 22:28:00.249037'),
	(22, 'home', '0004_auto_20250228_1317', '2025-02-28 18:17:57.637002'),
	(23, 'home', '0005_auto_20250228_1326', '2025-02-28 18:27:10.640298'),
	(24, 'home', '0006_datosdemograficos_celular', '2025-02-28 18:34:19.472211'),
	(25, 'home', '0007_datosdemograficos_grupo_sanguineo', '2025-02-28 18:42:23.657069'),
	(26, 'home', '0008_alter_datosdemograficos_escolaridad', '2025-02-28 18:44:08.399150'),
	(27, 'home', '0009_auto_20250302_1846', '2025-03-02 23:47:01.639272'),
	(28, 'home', '0010_remove_visita_fecha', '2025-03-10 00:31:14.262462'),
	(29, 'home', '0011_auto_20250310_1420', '2025-03-10 19:21:03.452765'),
	(30, 'home', '0012_remove_tipovisita_observaciones', '2025-03-10 19:27:50.894992'),
	(31, 'home', '0013_tipovisita_observaciones', '2025-03-10 20:08:47.929712'),
	(32, 'home', '0014_tipovisita_examenes', '2025-03-10 20:09:45.480641'),
	(33, 'home', '0015_visita_paciente', '2025-03-11 04:31:46.318932'),
	(34, 'home', '0016_delete_resultadoexamen', '2025-03-11 05:23:35.047773'),
	(35, 'home', '0017_visitaexamen_resultado', '2025-03-11 05:24:31.474119'),
	(36, 'home', '0018_auto_20250311_1007', '2025-03-11 15:07:24.441270');

-- Dumping structure for table ateneagrunecodb.django_session
CREATE TABLE IF NOT EXISTS `django_session` (
  `session_key` varchar(40) NOT NULL,
  `session_data` longtext NOT NULL,
  `expire_date` datetime(6) NOT NULL,
  PRIMARY KEY (`session_key`),
  KEY `django_session_expire_date_a5c62663` (`expire_date`)
) ENGINE=InnoDB DEFAULT CHARSET=utf8mb4 COLLATE=utf8mb4_unicode_ci;

-- Dumping data for table ateneagrunecodb.django_session: ~1 rows (approximately)
REPLACE INTO `django_session` (`session_key`, `session_data`, `expire_date`) VALUES
	('ej9nmypkeedbgxbdl84vpygucta34avz', '.eJxVjEEOwiAURO_C2pDCB6Uu3XsGAvM_UjVtUtqV8e7apAvdzntvXiqmdalxbTLHgdVZGXX43XLCQ8YN8D2Nt0ljGpd5yHpT9E6bvk4sz8vu_h3U1Oq3PgUnTOiTAF4KS_bIbB0fAxkLYhCFAls6L8HCd-gLA-KNI3Y9qfcHIUw5JQ:1tnjDG:wolf4nGLwnLTK5rpg0_noc36iVOvk4j7DRyyJaOWfhA', '2025-03-13 19:06:26.465763');

-- Dumping structure for table ateneagrunecodb.home_customuser
CREATE TABLE IF NOT EXISTS `home_customuser` (
  `id` bigint(20) NOT NULL AUTO_INCREMENT,
  `password` varchar(128) NOT NULL,
  `last_login` datetime(6) DEFAULT NULL,
  `is_superuser` tinyint(1) NOT NULL,
  `username` varchar(150) NOT NULL,
  `first_name` varchar(150) NOT NULL,
  `last_name` varchar(150) NOT NULL,
  `email` varchar(254) NOT NULL,
  `is_staff` tinyint(1) NOT NULL,
  `is_active` tinyint(1) NOT NULL,
  `date_joined` datetime(6) NOT NULL,
  `phone` varchar(15) NOT NULL,
  `address` longtext NOT NULL,
  PRIMARY KEY (`id`),
  UNIQUE KEY `username` (`username`)
) ENGINE=InnoDB DEFAULT CHARSET=utf8mb4 COLLATE=utf8mb4_unicode_ci;

-- Dumping data for table ateneagrunecodb.home_customuser: ~0 rows (approximately)

-- Dumping structure for table ateneagrunecodb.home_customuser_groups
CREATE TABLE IF NOT EXISTS `home_customuser_groups` (
  `id` int(11) NOT NULL AUTO_INCREMENT,
  `customuser_id` bigint(20) NOT NULL,
  `group_id` int(11) NOT NULL,
  PRIMARY KEY (`id`),
  UNIQUE KEY `home_customuser_groups_customuser_id_group_id_b342dd9a_uniq` (`customuser_id`,`group_id`),
  KEY `home_customuser_groups_group_id_d4a55f72_fk_auth_group_id` (`group_id`),
  CONSTRAINT `home_customuser_grou_customuser_id_34f18930_fk_home_cust` FOREIGN KEY (`customuser_id`) REFERENCES `home_customuser` (`id`),
  CONSTRAINT `home_customuser_groups_group_id_d4a55f72_fk_auth_group_id` FOREIGN KEY (`group_id`) REFERENCES `auth_group` (`id`)
) ENGINE=InnoDB DEFAULT CHARSET=utf8mb4 COLLATE=utf8mb4_unicode_ci;

-- Dumping data for table ateneagrunecodb.home_customuser_groups: ~0 rows (approximately)

-- Dumping structure for table ateneagrunecodb.home_customuser_user_permissions
CREATE TABLE IF NOT EXISTS `home_customuser_user_permissions` (
  `id` int(11) NOT NULL AUTO_INCREMENT,
  `customuser_id` bigint(20) NOT NULL,
  `permission_id` int(11) NOT NULL,
  PRIMARY KEY (`id`),
  UNIQUE KEY `home_customuser_user_per_customuser_id_permission_a032181a_uniq` (`customuser_id`,`permission_id`),
  KEY `home_customuser_user_permission_id_d445b84f_fk_auth_perm` (`permission_id`),
  CONSTRAINT `home_customuser_user_customuser_id_8a95c1d3_fk_home_cust` FOREIGN KEY (`customuser_id`) REFERENCES `home_customuser` (`id`),
  CONSTRAINT `home_customuser_user_permission_id_d445b84f_fk_auth_perm` FOREIGN KEY (`permission_id`) REFERENCES `auth_permission` (`id`)
) ENGINE=InnoDB DEFAULT CHARSET=utf8mb4 COLLATE=utf8mb4_unicode_ci;

-- Dumping data for table ateneagrunecodb.home_customuser_user_permissions: ~0 rows (approximately)

-- Dumping structure for table ateneagrunecodb.home_datosdemograficos
CREATE TABLE IF NOT EXISTS `home_datosdemograficos` (
  `id` bigint(20) NOT NULL AUTO_INCREMENT,
  `numero_documento` varchar(20) NOT NULL,
  `fecha_nacimiento` date NOT NULL,
  `edad` int(11) NOT NULL,
  `estado_civil` varchar(20) NOT NULL,
  `escolaridad` varchar(20) DEFAULT NULL,
  `ocupacion` varchar(100) NOT NULL,
  `eps` varchar(100) NOT NULL,
  `lateralidad` varchar(20) NOT NULL,
  `religion` varchar(100) NOT NULL,
  `departamento_residencia` varchar(100) NOT NULL,
  `genero` varchar(10) NOT NULL,
  `municipio_residencia` varchar(100) NOT NULL,
  `pais_residencia` varchar(100) NOT NULL,
  `primer_apellido` varchar(50) NOT NULL,
  `primer_nombre` varchar(50) NOT NULL,
  `segundo_apellido` varchar(50) DEFAULT NULL,
  `segundo_nombre` varchar(50) DEFAULT NULL,
  `departamento_nacimiento` varchar(100) NOT NULL,
  `direccion` varchar(200) NOT NULL,
  `municipio_nacimiento` varchar(100) NOT NULL,
  `pais_nacimiento` varchar(100) NOT NULL,
  `regimen` varchar(20) NOT NULL,
  `tipo_documento` varchar(50) NOT NULL,
  `correo` varchar(254) NOT NULL,
  `celular` varchar(20) NOT NULL,
  `grupo_sanguineo` varchar(5) DEFAULT NULL,
  PRIMARY KEY (`id`),
  UNIQUE KEY `numero_documento` (`numero_documento`),
  UNIQUE KEY `correo` (`correo`),
  UNIQUE KEY `celular` (`celular`)
) ENGINE=InnoDB AUTO_INCREMENT=46 DEFAULT CHARSET=utf8mb4 COLLATE=utf8mb4_unicode_ci;

-- Dumping data for table ateneagrunecodb.home_datosdemograficos: ~1 rows (approximately)
REPLACE INTO `home_datosdemograficos` (`id`, `numero_documento`, `fecha_nacimiento`, `edad`, `estado_civil`, `escolaridad`, `ocupacion`, `eps`, `lateralidad`, `religion`, `departamento_residencia`, `genero`, `municipio_residencia`, `pais_residencia`, `primer_apellido`, `primer_nombre`, `segundo_apellido`, `segundo_nombre`, `departamento_nacimiento`, `direccion`, `municipio_nacimiento`, `pais_nacimiento`, `regimen`, `tipo_documento`, `correo`, `celular`, `grupo_sanguineo`) VALUES
	(43, '1003191518', '2001-02-02', 24, 'Soltero', 'universidad', 'Estudiante', 'Salud Total', 'Ambidiestro', 'Catolico', 'antioquia', 'F', 'cerete', 'Colombia', 'RAMOS', 'SILVANI', 'PATERNINA', 'SOFIA', 'antioquia', 'cra 77#60-70 050036', 'cerete', 'Colombia', 'Subsidiado', 'CC', 'silvania.ramos@es.clfactory.com', '30137031599', 'O+'),
	(44, '1002970611', '2000-03-20', 24, 'Soltero', 'universidad', 'Ingeniero', 'Magisterio', 'Diestro', 'Catolico', 'antioquia', 'F', 'Medellin', 'Colombia', 'Londono', 'Lina', 'Jimenez', 'Isabel', 'cauca', 'cra 77#60-70 050036', 'Popayan', 'Colombia', 'Otro', 'CC', 'linalo996@gmail.com', '3156168505', 'O-'),
	(45, '8061174', '1985-06-20', 39, 'Soltero', 'doctorado', 'Medico / Profesor', 'Programa de Salud UdeA', 'Diestro', 'Catolico', 'Antioquia', 'M', 'Medellin', 'Colombia', 'Tobon', 'Carlos', 'Quintero', 'Andres', 'Antioquia', 'Carrera 39 # 13 sur 55 apto 1002', 'Medellin', 'Colombia', 'Contributivo', 'CC', 'carlos.tobonq@udea.edu.co', '3007908418', 'A+');

-- Dumping structure for table ateneagrunecodb.home_examen
CREATE TABLE IF NOT EXISTS `home_examen` (
  `id` bigint(20) NOT NULL AUTO_INCREMENT,
  `nombre` varchar(255) NOT NULL,
  `descripcion` longtext DEFAULT NULL,
  `campos` longtext CHARACTER SET utf8mb4 COLLATE utf8mb4_bin NOT NULL CHECK (json_valid(`campos`)),
  PRIMARY KEY (`id`)
) ENGINE=InnoDB AUTO_INCREMENT=20 DEFAULT CHARSET=utf8mb4 COLLATE=utf8mb4_unicode_ci;

-- Dumping data for table ateneagrunecodb.home_examen: ~16 rows (approximately)
REPLACE INTO `home_examen` (`id`, `nombre`, `descripcion`, `campos`) VALUES
	(3, 'General_ExamenFísico', 'Descripción de General_ExamenFísico', '[\r\n  {\r\n    "seccion": "Signos Vitales",\r\n    "pregunta": "Talla (cm)",\r\n    "campo": "talla",\r\n    "tipo_campo": "Textbox"\r\n  },\r\n  {\r\n    "seccion": "Signos Vitales",\r\n    "pregunta": "Peso",\r\n    "campo": "peso",\r\n    "tipo_campo": "Textbox"\r\n  },\r\n  {\r\n    "seccion": "Signos Vitales",\r\n    "pregunta": "Temperatura",\r\n    "campo": "temperatura",\r\n    "tipo_campo": "Textbox"\r\n  },\r\n  {\r\n    "seccion": "Signos Vitales",\r\n    "pregunta": "Frecuencia Cardíaca",\r\n    "campo": "frecuencia_cardiaca",\r\n    "tipo_campo": "Textbox"\r\n  },\r\n  {\r\n    "seccion": "Signos Vitales",\r\n    "pregunta": "Frecuencia Respiratoria",\r\n    "campo": "frecuencia_respiratoria",\r\n    "tipo_campo": "Textbox"\r\n  },\r\n  {\r\n    "seccion": "Signos Vitales",\r\n    "pregunta": "Presión Arterial Sistólica",\r\n    "campo": "presion_arterial_sistolica",\r\n    "tipo_campo": "Textbox"\r\n  },\r\n  {\r\n    "seccion": "Signos Vitales",\r\n    "pregunta": "Presión Arterial Diastólica",\r\n    "campo": "presion_arterial_diastolica",\r\n    "tipo_campo": "Textbox"\r\n  },\r\n  {\r\n    "seccion": "Signos Vitales",\r\n    "pregunta": "Perímetro cefálico",\r\n    "campo": "perimetro_cefalico",\r\n    "tipo_campo": "Textbox"\r\n  },\r\n  {\r\n    "seccion": "Cabeza y Cuello",\r\n    "pregunta": "Cuero cabelludo",\r\n    "campo": "cuero_cabelludo",\r\n    "tipo_campo": "Checkbox"\r\n  },\r\n  {\r\n    "seccion": "Cabeza y Cuello",\r\n    "pregunta": "Observaciones",\r\n    "campo": "observaciones_cuero_cabelludo",\r\n    "tipo_campo": "Textbox"\r\n  },\r\n  {\r\n    "seccion": "Cabeza y Cuello",\r\n    "pregunta": "Oídos",\r\n    "campo": "oidos",\r\n    "tipo_campo": "Checkbox"\r\n  },\r\n  {\r\n    "seccion": "Cabeza y Cuello",\r\n    "pregunta": "Observaciones",\r\n    "campo": "observaciones_oidos",\r\n    "tipo_campo": "Textbox"\r\n  },\r\n  {\r\n    "seccion": "Cabeza y Cuello",\r\n    "pregunta": "Nariz",\r\n    "campo": "nariz",\r\n    "tipo_campo": "Checkbox"\r\n  },\r\n  {\r\n    "seccion": "Cabeza y Cuello",\r\n    "pregunta": "Observaciones",\r\n    "campo": "observaciones_nariz",\r\n    "tipo_campo": "Textbox"\r\n  },\r\n  {\r\n    "seccion": "Cabeza y Cuello",\r\n    "pregunta": "Cuello",\r\n    "campo": "cuello",\r\n    "tipo_campo": "Checkbox"\r\n  },\r\n  {\r\n    "seccion": "Cabeza y Cuello",\r\n    "pregunta": "Observaciones",\r\n    "campo": "observaciones_cuello",\r\n    "tipo_campo": "Textbox"\r\n  },\r\n  {\r\n    "seccion": "Cabeza y Cuello",\r\n    "pregunta": "Otros hallazgos importantes",\r\n    "campo": "otros_hallazgos_cabeza_cuello",\r\n    "tipo_campo": "Textbox"\r\n  },\r\n  {\r\n    "seccion": "Tórax / Respiratorio / Cardiovascular",\r\n    "pregunta": "Forma del tórax",\r\n    "campo": "forma_torax",\r\n    "tipo_campo": "Combobox"\r\n  },\r\n  {\r\n    "seccion": "Tórax / Respiratorio / Cardiovascular",\r\n    "pregunta": "Observaciones",\r\n    "campo": "observaciones_forma_torax",\r\n    "tipo_campo": "Textbox"\r\n  },\r\n  {\r\n    "seccion": "Tórax / Respiratorio / Cardiovascular",\r\n    "pregunta": "Murmullo vesicular",\r\n    "campo": "murmullo_vesicular",\r\n    "tipo_campo": "Combobox"\r\n  },\r\n  {\r\n    "seccion": "Tórax / Respiratorio / Cardiovascular",\r\n    "pregunta": "Observaciones",\r\n    "campo": "observaciones_murmullo_vesicular",\r\n    "tipo_campo": "Textbox"\r\n  },\r\n  {\r\n    "seccion": "Tórax / Respiratorio / Cardiovascular",\r\n    "pregunta": "Ruidos Sobreagregados",\r\n    "campo": "ruidos_sobreagregados",\r\n    "tipo_campo": "Checkbox"\r\n  },\r\n  {\r\n    "seccion": "Tórax / Respiratorio / Cardiovascular",\r\n    "pregunta": "Observaciones",\r\n    "campo": "observaciones_ruidos_sobreagregados",\r\n    "tipo_campo": "Textbox"\r\n  },\r\n  {\r\n    "seccion": "Tórax / Respiratorio / Cardiovascular",\r\n    "pregunta": "Ruidos Cardíacos",\r\n    "campo": "ruidos_cardiacos",\r\n    "tipo_campo": "Combobox"\r\n  },\r\n  {\r\n    "seccion": "Tórax / Respiratorio / Cardiovascular",\r\n    "pregunta": "Observaciones",\r\n    "campo": "observaciones_ruidos_cardiacos",\r\n    "tipo_campo": "Textbox"\r\n  },\r\n  {\r\n    "seccion": "Abdomen",\r\n    "pregunta": "Peristaltismo",\r\n    "campo": "peristaltismo",\r\n    "tipo_campo": "Combobox"\r\n  },\r\n  {\r\n    "seccion": "Abdomen",\r\n    "pregunta": "Pared Abdominal",\r\n    "campo": "pared_abdominal",\r\n    "tipo_campo": "Checkbox"\r\n  },\r\n  {\r\n    "seccion": "Abdomen",\r\n    "pregunta": "Masas",\r\n    "campo": "masas",\r\n    "tipo_campo": "Checkbox"\r\n  },\r\n  {\r\n    "seccion": "Abdomen",\r\n    "pregunta": "Megalias",\r\n    "campo": "megalias",\r\n    "tipo_campo": "Checkbox"\r\n  },\r\n  {\r\n    "seccion": "Abdomen",\r\n    "pregunta": "Observaciones",\r\n    "campo": "observaciones_abdomen",\r\n    "tipo_campo": "Textbox"\r\n  },\r\n  {\r\n    "seccion": "Osteomuscular",\r\n    "pregunta": "Curvatura Cervical",\r\n    "campo": "curvatura_cervical",\r\n    "tipo_campo": "Checkbox"\r\n  },\r\n  {\r\n    "seccion": "Osteomuscular",\r\n    "pregunta": "Curvatura Torácica",\r\n    "campo": "curvatura_toracica",\r\n    "tipo_campo": "Checkbox"\r\n  },\r\n  {\r\n    "seccion": "Osteomuscular",\r\n    "pregunta": "Curvatura Lumbar",\r\n    "campo": "curvatura_lumbar",\r\n    "tipo_campo": "Checkbox"\r\n  },\r\n  {\r\n    "seccion": "Osteomuscular",\r\n    "pregunta": "Arcos de Movimiento - Miembros Superiores",\r\n    "campo": "arcos_movimiento_superiores",\r\n    "tipo_campo": "Checkbox"\r\n  },\r\n  {\r\n    "seccion": "Osteomuscular",\r\n    "pregunta": "Arcos de Movimiento - Miembros Inferiores",\r\n    "campo": "arcos_movimiento_inferiores",\r\n    "tipo_campo": "Checkbox"\r\n  },\r\n  {\r\n    "seccion": "Osteomuscular",\r\n    "pregunta": "Asimetrías - Miembros Inferiores",\r\n    "campo": "asimetrias_inferiores",\r\n    "tipo_campo": "Checkbox"\r\n  },\r\n  {\r\n    "seccion": "Osteomuscular",\r\n    "pregunta": "Asimetrías - Miembros Superiores",\r\n    "campo": "asimetrias_superiores",\r\n    "tipo_campo": "Checkbox"\r\n  },\r\n  {\r\n    "seccion": "Osteomuscular",\r\n    "pregunta": "Observaciones",\r\n    "campo": "observaciones_osteomuscular",\r\n    "tipo_campo": "Textbox"\r\n  },\r\n  {\r\n    "seccion": "Piel y Anexos",\r\n    "pregunta": "Máculas",\r\n    "campo": "maculas",\r\n    "tipo_campo": "Checkbox"\r\n  },\r\n  {\r\n    "seccion": "Piel y Anexos",\r\n    "pregunta": "Pápulas",\r\n    "campo": "papulas",\r\n    "tipo_campo": "Checkbox"\r\n  },\r\n  {\r\n    "seccion": "Piel y Anexos",\r\n    "pregunta": "Vesículas",\r\n    "campo": "vesiculas",\r\n    "tipo_campo": "Checkbox"\r\n  },\r\n  {\r\n    "seccion": "Piel y Anexos",\r\n    "pregunta": "Pústulas",\r\n    "campo": "pustulas",\r\n    "tipo_campo": "Checkbox"\r\n  },\r\n  {\r\n    "seccion": "Piel y Anexos",\r\n    "pregunta": "Fisuras",\r\n    "campo": "fisuras",\r\n    "tipo_campo": "Checkbox"\r\n  },\r\n  {\r\n    "seccion": "Piel y Anexos",\r\n    "pregunta": "Escaras",\r\n    "campo": "escaras",\r\n    "tipo_campo": "Checkbox"\r\n  },\r\n  {\r\n    "seccion": "Piel y Anexos",\r\n    "pregunta": "Petequias",\r\n    "campo": "petequias",\r\n    "tipo_campo": "Checkbox"\r\n  },\r\n  {\r\n    "seccion": "Piel y Anexos",\r\n    "pregunta": "Equímosis",\r\n    "campo": "equimosis",\r\n    "tipo_campo": "Checkbox"\r\n  },\r\n  {\r\n    "seccion": "Piel y Anexos",\r\n    "pregunta": "Úlceras",\r\n    "campo": "ulceras",\r\n    "tipo_campo": "Checkbox"\r\n  },\r\n  {\r\n    "seccion": "Piel y Anexos",\r\n    "pregunta": "Observaciones",\r\n    "campo": "observaciones_piel",\r\n    "tipo_campo": "Textbox"\r\n  }\r\n]'),
	(4, 'General_RevisiónSistemas', 'Evaluación detallada de los síntomas en distintos sistemas del cuerpo.', '[\r\n        {"seccion": "General", "pregunta": "¿Presenta algún síntoma general?", "campo": "sintoma_general"},\r\n        {"seccion": "General", "pregunta": "Síntoma", "campo": "detalle_sintoma_general"},\r\n        {"seccion": "General", "pregunta": "Hace cuánto", "campo": "tiempo_sintoma_general"},\r\n        {"seccion": "General", "pregunta": "Características", "campo": "caracteristicas_sintoma_general"},\r\n\r\n        {"seccion": "Cabeza y cuello", "pregunta": "¿Presenta algún síntoma en cabeza y cuello?", "campo": "sintoma_cabeza_cuello"},\r\n        {"seccion": "Cabeza y cuello", "pregunta": "Síntoma", "campo": "detalle_sintoma_cabeza_cuello"},\r\n        {"seccion": "Cabeza y cuello", "pregunta": "Hace cuánto", "campo": "tiempo_sintoma_cabeza_cuello"},\r\n        {"seccion": "Cabeza y cuello", "pregunta": "Características", "campo": "caracteristicas_sintoma_cabeza_cuello"},\r\n\r\n        {"seccion": "Cardiopulmonar", "pregunta": "¿Presenta algún síntoma cardiopulmonar?", "campo": "sintoma_cardiopulmonar"},\r\n        {"seccion": "Cardiopulmonar", "pregunta": "Síntoma", "campo": "detalle_sintoma_cardiopulmonar"},\r\n        {"seccion": "Cardiopulmonar", "pregunta": "Hace cuánto", "campo": "tiempo_sintoma_cardiopulmonar"},\r\n        {"seccion": "Cardiopulmonar", "pregunta": "Características", "campo": "caracteristicas_sintoma_cardiopulmonar"},\r\n\r\n        {"seccion": "Gastrointestinal", "pregunta": "¿Presenta algún síntoma en gastrointestinal?", "campo": "sintoma_gastrointestinal"},\r\n        {"seccion": "Gastrointestinal", "pregunta": "Síntoma", "campo": "detalle_sintoma_gastrointestinal"},\r\n        {"seccion": "Gastrointestinal", "pregunta": "Hace cuánto", "campo": "tiempo_sintoma_gastrointestinal"},\r\n        {"seccion": "Gastrointestinal", "pregunta": "Características", "campo": "caracteristicas_sintoma_gastrointestinal"},\r\n\r\n        {"seccion": "Genitourinario", "pregunta": "¿Presenta algún síntoma genitourinario?", "campo": "sintoma_genitourinario"},\r\n        {"seccion": "Genitourinario", "pregunta": "Síntoma", "campo": "detalle_sintoma_genitourinario"},\r\n        {"seccion": "Genitourinario", "pregunta": "Hace cuánto", "campo": "tiempo_sintoma_genitourinario"},\r\n        {"seccion": "Genitourinario", "pregunta": "Características", "campo": "caracteristicas_sintoma_genitourinario"},\r\n\r\n        {"seccion": "Vascular periférico", "pregunta": "¿Presenta algún síntoma en vascular periférico?", "campo": "sintoma_vascular_periferico"},\r\n        {"seccion": "Vascular periférico", "pregunta": "Síntoma", "campo": "detalle_sintoma_vascular_periferico"},\r\n        {"seccion": "Vascular periférico", "pregunta": "Hace cuánto", "campo": "tiempo_sintoma_vascular_periferico"},\r\n        {"seccion": "Vascular periférico", "pregunta": "Características", "campo": "caracteristicas_sintoma_vascular_periferico"},\r\n\r\n        {"seccion": "Osteomuscular", "pregunta": "¿Presenta algún síntoma osteomuscular?", "campo": "sintoma_osteomuscular"},\r\n        {"seccion": "Osteomuscular", "pregunta": "Síntoma", "campo": "detalle_sintoma_osteomuscular"},\r\n        {"seccion": "Osteomuscular", "pregunta": "Hace cuánto", "campo": "tiempo_sintoma_osteomuscular"},\r\n        {"seccion": "Osteomuscular", "pregunta": "Características", "campo": "caracteristicas_sintoma_osteomuscular"},\r\n\r\n        {"seccion": "Piel y Faneras", "pregunta": "¿Presenta algún síntoma en piel y faneras?", "campo": "sintoma_piel_faneras"},\r\n        {"seccion": "Piel y Faneras", "pregunta": "Síntoma", "campo": "detalle_sintoma_piel_faneras"},\r\n        {"seccion": "Piel y Faneras", "pregunta": "Hace cuánto", "campo": "tiempo_sintoma_piel_faneras"},\r\n        {"seccion": "Piel y Faneras", "pregunta": "Características", "campo": "caracteristicas_sintoma_piel_faneras"},\r\n\r\n        {"seccion": "Otros", "pregunta": "¿Presenta algún síntoma en otra área?", "campo": "sintoma_otros"},\r\n        {"seccion": "Otros", "pregunta": "Síntoma", "campo": "detalle_sintoma_otros"},\r\n        {"seccion": "Otros", "pregunta": "Hace cuánto", "campo": "tiempo_sintoma_otros"},\r\n        {"seccion": "Otros", "pregunta": "Características", "campo": "caracteristicas_sintoma_otros"}\r\n    ]'),
	(5, 'General_Antecedentes', 'Formulario para recopilar antecedentes médicos del paciente', '[\r\n        {\r\n            "seccion": "Antecedentes Patológicos",\r\n            "preguntas": [\r\n                {\r\n                    "pregunta": "¿Presenta algún antecedente Patológico?",\r\n                    "tipo": "checkbox",\r\n                    "opciones": ["Sí", "No"],\r\n                    "campo": "antecedente_patologico",\r\n                    "dependencia": {\r\n                        "respuesta": "Sí",\r\n                        "preguntas": [\r\n                            {\r\n                                "pregunta": "Tipo de patología",\r\n                                "tipo": "combobox",\r\n                                "opciones": [\r\n                                    "Hipertensión arterial",\r\n                                    "Dislipidemia",\r\n                                    "Diabetes",\r\n                                    "Cáncer",\r\n                                    "Enfermedad Renal",\r\n                                    "Enfermedad Cardíaca",\r\n                                    "Enfermedad Respiratoria",\r\n                                    "Enfermedad Hepática",\r\n                                    "Enfermedad Tiroidea",\r\n                                    "Enfermedad Cerebrovascular",\r\n                                    "Enfermedad Psiquiátrica",\r\n                                    "Cefalea",\r\n                                    "Crisis Convulsivas",\r\n                                    "Enfermedades Neurodegenerativas",\r\n                                    "Retraso Mental",\r\n                                    "Dificultades del Aprendizaje",\r\n                                    "Síndrome de Down",\r\n                                    "Trastorno del desarrollo psicomotor",\r\n                                    "Déficit de atención o hiperactividad",\r\n                                    "Otros"\r\n                                ],\r\n                                "campo": "tipo_patologia"\r\n                            },\r\n                            {\r\n                                "pregunta": "Fecha de inicio",\r\n                                "tipo": "date",\r\n                                "campo": "fecha_inicio_patologia"\r\n                            },\r\n                            {\r\n                                "pregunta": "¿Ha recibido tratamiento?",\r\n                                "tipo": "checkbox",\r\n                                "opciones": ["Sí", "No"],\r\n                                "campo": "tratamiento_patologico",\r\n                                "dependencia": {\r\n                                    "respuesta": "Sí",\r\n                                    "preguntas": [\r\n                                        {\r\n                                            "pregunta": "Tratamiento (detallar tipo y posología)",\r\n                                            "tipo": "textbox",\r\n                                            "campo": "detalle_tratamiento_patologico"\r\n                                        }\r\n                                    ]\r\n                                }\r\n                            },\r\n                            {\r\n                                "pregunta": "Complicaciones asociadas",\r\n                                "tipo": "checkbox",\r\n                                "opciones": ["Sí", "No"],\r\n                                "campo": "complicaciones_patologico",\r\n                                "dependencia": {\r\n                                    "respuesta": "Sí",\r\n                                    "preguntas": [\r\n                                        {\r\n                                            "pregunta": "Detallar complicaciones",\r\n                                            "tipo": "textbox",\r\n                                            "campo": "detalle_complicaciones_patologico"\r\n                                        }\r\n                                    ]\r\n                                }\r\n                            },\r\n                            {\r\n                                "pregunta": "¿Activo actualmente?",\r\n                                "tipo": "checkbox",\r\n                                "opciones": ["Sí", "No"],\r\n                                "campo": "activo_patologico",\r\n                                "dependencia": {\r\n                                    "respuesta": "Sí",\r\n                                    "preguntas": [\r\n                                        {\r\n                                            "pregunta": "Fecha de finalización",\r\n                                            "tipo": "date",\r\n                                            "campo": "fecha_finalizacion_patologico"\r\n                                        }\r\n                                    ]\r\n                                }\r\n                            },\r\n                            {\r\n                                "pregunta": "Observaciones",\r\n                                "tipo": "textbox",\r\n                                "campo": "observaciones_patologico"\r\n                            }\r\n                        ]\r\n                    }\r\n                }\r\n            ]\r\n        },\r\n        {\r\n            "seccion": "Antecedentes Quirúrgicos",\r\n            "preguntas": [\r\n                {\r\n                    "pregunta": "¿Presenta algún antecedente quirúrgico?",\r\n                    "tipo": "checkbox",\r\n                    "opciones": ["Sí", "No"],\r\n                    "campo": "antecedente_quirurgico",\r\n                    "dependencia": {\r\n                        "respuesta": "Sí",\r\n                        "preguntas": [\r\n                            {\r\n                                "pregunta": "Descripción",\r\n                                "tipo": "textbox",\r\n                                "campo": "descripcion_quirurgico"\r\n                            },\r\n                            {\r\n                                "pregunta": "Fecha de inicio",\r\n                                "tipo": "date",\r\n                                "campo": "fecha_inicio_quirurgico"\r\n                            },\r\n                            {\r\n                                "pregunta": "¿Ha recibido tratamiento?",\r\n                                "tipo": "checkbox",\r\n                                "opciones": ["Sí", "No"],\r\n                                "campo": "tratamiento_quirurgico",\r\n                                "dependencia": {\r\n                                    "respuesta": "Sí",\r\n                                    "preguntas": [\r\n                                        {\r\n                                            "pregunta": "Tratamiento (detallar tipo y posología)",\r\n                                            "tipo": "textbox",\r\n                                            "campo": "detalle_tratamiento_quirurgico"\r\n                                        }\r\n                                    ]\r\n                                }\r\n                            },\r\n                            {\r\n                                "pregunta": "Complicaciones asociadas",\r\n                                "tipo": "checkbox",\r\n                                "opciones": ["Sí", "No"],\r\n                                "campo": "complicaciones_quirurgico",\r\n                                "dependencia": {\r\n                                    "respuesta": "Sí",\r\n                                    "preguntas": [\r\n                                        {\r\n                                            "pregunta": "Detallar complicaciones",\r\n                                            "tipo": "textbox",\r\n                                            "campo": "detalle_complicaciones_quirurgico"\r\n                                        }\r\n                                    ]\r\n                                }\r\n                            },\r\n                            {\r\n                                "pregunta": "¿Activo actualmente?",\r\n                                "tipo": "checkbox",\r\n                                "opciones": ["Sí", "No"],\r\n                                "campo": "activo_quirurgico",\r\n                                "dependencia": {\r\n                                    "respuesta": "Sí",\r\n                                    "preguntas": [\r\n                                        {\r\n                                            "pregunta": "Fecha de finalización",\r\n                                            "tipo": "date",\r\n                                            "campo": "fecha_finalizacion_quirurgico"\r\n                                        }\r\n                                    ]\r\n                                }\r\n                            },\r\n                            {\r\n                                "pregunta": "Observaciones",\r\n                                "tipo": "textbox",\r\n                                "campo": "observaciones_quirurgico"\r\n                            }\r\n                        ]\r\n                    }\r\n                }\r\n            ]\r\n        },\r\n        {\r\n            "seccion": "Antecedentes Farmacológicos",\r\n            "preguntas": [\r\n                {\r\n                    "pregunta": "¿Presenta algún antecedente farmacológico?",\r\n                    "tipo": "checkbox",\r\n                    "opciones": ["Sí", "No"],\r\n                    "campo": "antecedente_farmacologico",\r\n                    "dependencia": {\r\n                        "respuesta": "Sí",\r\n                        "preguntas": [\r\n                            {\r\n                                "pregunta": "Descripción",\r\n                                "tipo": "textbox",\r\n                                "campo": "descripcion_farmacologico"\r\n                            },\r\n                            {\r\n                                "pregunta": "Fecha de inicio",\r\n                                "tipo": "date",\r\n                                "campo": "fecha_inicio_farmacologico"\r\n                            },\r\n                            {\r\n                                "pregunta": "¿Ha recibido tratamiento?",\r\n                                "tipo": "checkbox",\r\n                                "opciones": ["Sí", "No"],\r\n                                "campo": "tratamiento_farmacologico",\r\n                                "dependencia": {\r\n                                    "respuesta": "Sí",\r\n                                    "preguntas": [\r\n                                        {\r\n                                            "pregunta": "Tratamiento (detallar tipo y posología)",\r\n                                            "tipo": "textbox",\r\n                                            "campo": "detalle_tratamiento_farmacologico"\r\n                                        }\r\n                                    ]\r\n                                }\r\n                            },\r\n                            {\r\n                                "pregunta": "Complicaciones asociadas",\r\n                                "tipo": "checkbox",\r\n                                "opciones": ["Sí", "No"],\r\n                                "campo": "complicaciones_farmacologico",\r\n                                "dependencia": {\r\n                                    "respuesta": "Sí",\r\n                                    "preguntas": [\r\n                                        {\r\n                                            "pregunta": "Detallar complicaciones",\r\n                                            "tipo": "textbox",\r\n                                            "campo": "detalle_complicaciones_farmacologico"\r\n                                        }\r\n                                    ]\r\n                                }\r\n                            },\r\n                            {\r\n                                "pregunta": "¿Activo actualmente?",\r\n                                "tipo": "checkbox",\r\n                                "opciones": ["Sí", "No"],\r\n                                "campo": "activo_farmacologico",\r\n                                "dependencia": {\r\n                                    "respuesta": "Sí",\r\n                                    "preguntas": [\r\n                                        {\r\n                                            "pregunta": "Fecha de finalización",\r\n                                            "tipo": "date",\r\n                                            "campo": "fecha_finalizacion_farmacologico"\r\n                                        }\r\n                                    ]\r\n                                }\r\n                            },\r\n                            {\r\n                                "pregunta": "Observaciones",\r\n                                "tipo": "textbox",\r\n                                "campo": "observaciones_farmacologico"\r\n                            }\r\n                        ]\r\n                    }\r\n                }\r\n            ]\r\n        },\r\n        {\r\n            "seccion": "Antecedentes Traumáticos",\r\n            "preguntas": [\r\n                {\r\n                    "pregunta": "¿Presenta algún antecedente traumático?",\r\n                    "tipo": "checkbox",\r\n                    "opciones": ["Sí", "No"],\r\n                    "campo": "antecedente_traumatico",\r\n                    "dependencia": {\r\n                        "respuesta": "Sí",\r\n                        "preguntas": [\r\n                            {\r\n                                "pregunta": "Descripción",\r\n                                "tipo": "textbox",\r\n                                "campo": "descripcion_traumatico"\r\n                            },\r\n                            {\r\n                                "pregunta": "Fecha de inicio",\r\n                                "tipo": "date",\r\n                                "campo": "fecha_inicio_traumatico"\r\n                            },\r\n                            {\r\n                                "pregunta": "¿Ha recibido tratamiento?",\r\n                                "tipo": "checkbox",\r\n                                "opciones": ["Sí", "No"],\r\n                                "campo": "tratamiento_traumatico",\r\n                                "dependencia": {\r\n                                    "respuesta": "Sí",\r\n                                    "preguntas": [\r\n                                        {\r\n                                            "pregunta": "Tratamiento (detallar tipo y posología)",\r\n                                            "tipo": "textbox",\r\n                                            "campo": "detalle_tratamiento_traumatico"\r\n                                        }\r\n                                    ]\r\n                                }\r\n                            },\r\n                            {\r\n                                "pregunta": "Complicaciones asociadas",\r\n                                "tipo": "checkbox",\r\n                                "opciones": ["Sí", "No"],\r\n                                "campo": "complicaciones_traumatico",\r\n                                "dependencia": {\r\n                                    "respuesta": "Sí",\r\n                                    "preguntas": [\r\n                                        {\r\n                                            "pregunta": "Detallar complicaciones",\r\n                                            "tipo": "textbox",\r\n                                            "campo": "detalle_complicaciones_traumatico"\r\n                                        }\r\n                                    ]\r\n                                }\r\n                            },\r\n                            {\r\n                                "pregunta": "¿Activo actualmente?",\r\n                                "tipo": "checkbox",\r\n                                "opciones": ["Sí", "No"],\r\n                                "campo": "activo_traumatico",\r\n                                "dependencia": {\r\n                                    "respuesta": "Sí",\r\n                                    "preguntas": [\r\n                                        {\r\n                                            "pregunta": "Fecha de finalización",\r\n                                            "tipo": "date",\r\n                                            "campo": "fecha_finalizacion_traumatico"\r\n                                        }\r\n                                    ]\r\n                                }\r\n                            },\r\n                            {\r\n                                "pregunta": "Observaciones",\r\n                                "tipo": "textbox",\r\n                                "campo": "observaciones_traumatico"\r\n                            }\r\n                        ]\r\n                    }\r\n                }\r\n            ]\r\n        },\r\n        {\r\n            "seccion": "Antecedentes Alérgicos",\r\n            "preguntas": [\r\n                {\r\n                    "pregunta": "¿Presenta algún antecedente alérgico?",\r\n                    "tipo": "checkbox",\r\n                    "opciones": ["Sí", "No"],\r\n                    "campo": "antecedente_alergico",\r\n                    "dependencia": {\r\n                        "respuesta": "Sí",\r\n                        "preguntas": [\r\n                            {\r\n                                "pregunta": "Descripción",\r\n                                "tipo": "textbox",\r\n                                "campo": "descripcion_alergico"\r\n                            },\r\n                            {\r\n                                "pregunta": "Fecha de inicio",\r\n                                "tipo": "date",\r\n                                "campo": "fecha_inicio_alergico"\r\n                            },\r\n                            {\r\n                                "pregunta": "¿Ha recibido tratamiento?",\r\n                                "tipo": "checkbox",\r\n                                "opciones": ["Sí", "No"],\r\n                                "campo": "tratamiento_alergico",\r\n                                "dependencia": {\r\n                                    "respuesta": "Sí",\r\n                                    "preguntas": [\r\n                                        {\r\n                                            "pregunta": "Tratamiento (detallar tipo y posología)",\r\n                                            "tipo": "textbox",\r\n                                            "campo": "detalle_tratamiento_alergico"\r\n                                        }\r\n                                    ]\r\n                                }\r\n                            },\r\n                            {\r\n                                "pregunta": "Complicaciones asociadas",\r\n                                "tipo": "checkbox",\r\n                                "opciones": ["Sí", "No"],\r\n                                "campo": "complicaciones_alergico",\r\n                                "dependencia": {\r\n                                    "respuesta": "Sí",\r\n                                    "preguntas": [\r\n                                        {\r\n                                            "pregunta": "Detallar complicaciones",\r\n                                            "tipo": "textbox",\r\n                                            "campo": "detalle_complicaciones_alergico"\r\n                                        }\r\n                                    ]\r\n                                }\r\n                            },\r\n                            {\r\n                                "pregunta": "¿Activo actualmente?",\r\n                                "tipo": "checkbox",\r\n                                "opciones": ["Sí", "No"],\r\n                                "campo": "activo_alergico",\r\n                                "dependencia": {\r\n                                    "respuesta": "Sí",\r\n                                    "preguntas": [\r\n                                        {\r\n                                            "pregunta": "Fecha de finalización",\r\n                                            "tipo": "date",\r\n                                            "campo": "fecha_finalizacion_alergico"\r\n                                        }\r\n                                    ]\r\n                                }\r\n                            },\r\n                            {\r\n                                "pregunta": "Observaciones",\r\n                                "tipo": "textbox",\r\n                                "campo": "observaciones_alergico"\r\n                            }\r\n                        ]\r\n                    }\r\n                }\r\n            ]\r\n        },\r\n        {\r\n            "seccion": "Antecedentes Tóxicos",\r\n            "preguntas": [\r\n                {\r\n                    "pregunta": "¿Presenta algún antecedente tóxico?",\r\n                    "tipo": "checkbox",\r\n                    "opciones": ["Sí", "No"],\r\n                    "campo": "antecedente_toxico",\r\n                    "dependencia": {\r\n                        "respuesta": "Sí",\r\n                        "preguntas": [\r\n                            {\r\n                                "pregunta": "Tipo de antecedente",\r\n                                "tipo": "combobox",\r\n                                "opciones": [\r\n                                    "Tabaquismo",\r\n                                    "Consumo de Alcohol",\r\n                                    "Sustancias Psicoactivas",\r\n                                    "Intoxicaciones",\r\n                                    "Alergias a Medicamentos",\r\n                                    "Otros"\r\n                                ],\r\n                                "campo": "tipo_toxico"\r\n                            },\r\n                            {\r\n                                "pregunta": "Fecha de inicio",\r\n                                "tipo": "date",\r\n                                "campo": "fecha_inicio_toxico"\r\n                            },\r\n                            {\r\n                                "pregunta": "¿Ha recibido tratamiento?",\r\n                                "tipo": "checkbox",\r\n                                "opciones": ["Sí", "No"],\r\n                                "campo": "tratamiento_toxico",\r\n                                "dependencia": {\r\n                                    "respuesta": "Sí",\r\n                                    "preguntas": [\r\n                                        {\r\n                                            "pregunta": "Tratamiento (detallar tipo y posología)",\r\n                                            "tipo": "textbox",\r\n                                            "campo": "detalle_tratamiento_toxico"\r\n                                        }\r\n                                    ]\r\n                                }\r\n                            },\r\n                            {\r\n                                "pregunta": "Complicaciones asociadas",\r\n                                "tipo": "checkbox",\r\n                                "opciones": ["Sí", "No"],\r\n                                "campo": "complicaciones_toxico",\r\n                                "dependencia": {\r\n                                    "respuesta": "Sí",\r\n                                    "preguntas": [\r\n                                        {\r\n                                            "pregunta": "Detallar complicaciones",\r\n                                            "tipo": "textbox",\r\n                                            "campo": "detalle_complicaciones_toxico"\r\n                                        }\r\n                                    ]\r\n                                }\r\n                            },\r\n                            {\r\n                                "pregunta": "¿Activo actualmente?",\r\n                                "tipo": "checkbox",\r\n                                "opciones": ["Sí", "No"],\r\n                                "campo": "activo_toxico",\r\n                                "dependencia": {\r\n                                    "respuesta": "Sí",\r\n                                    "preguntas": [\r\n                                        {\r\n                                            "pregunta": "Fecha de finalización",\r\n                                            "tipo": "date",\r\n                                            "campo": "fecha_finalizacion_toxico"\r\n                                        }\r\n                                    ]\r\n                                }\r\n                            },\r\n                            {\r\n                                "pregunta": "Observaciones",\r\n                                "tipo": "textbox",\r\n                                "campo": "observaciones_toxico"\r\n                            }\r\n                        ]\r\n                    }\r\n                }\r\n            ]\r\n        },\r\n        {\r\n            "seccion": "Antecedentes Epidemiológicos",\r\n            "preguntas": [\r\n                {\r\n                    "pregunta": "¿Presenta algún antecedente epidemiológico?",\r\n                    "tipo": "checkbox",\r\n                    "opciones": ["Sí", "No"],\r\n                    "campo": "antecedente_epidemiologico",\r\n                    "dependencia": {\r\n                        "respuesta": "Sí",\r\n                        "preguntas": [\r\n                            {\r\n                                "pregunta": "Descripción",\r\n                                "tipo": "textbox",\r\n                                "campo": "descripcion_epidemiologico"\r\n                            },\r\n                            {\r\n                                "pregunta": "Fecha de inicio",\r\n                                "tipo": "date",\r\n                                "campo": "fecha_inicio_epidemiologico"\r\n                            },\r\n                            {\r\n                                "pregunta": "¿Ha recibido tratamiento?",\r\n                                "tipo": "checkbox",\r\n                                "opciones": ["Sí", "No"],\r\n                                "campo": "tratamiento_epidemiologico",\r\n                                "dependencia": {\r\n                                    "respuesta": "Sí",\r\n                                    "preguntas": [\r\n                                        {\r\n                                            "pregunta": "Tratamiento (detallar tipo y posología)",\r\n                                            "tipo": "textbox",\r\n                                            "campo": "detalle_tratamiento_epidemiologico"\r\n                                        }\r\n                                    ]\r\n                                }\r\n                            },\r\n                            {\r\n                                "pregunta": "Complicaciones asociadas",\r\n                                "tipo": "checkbox",\r\n                                "opciones": ["Sí", "No"],\r\n                                "campo": "complicaciones_epidemiologico",\r\n                                "dependencia": {\r\n                                    "respuesta": "Sí",\r\n                                    "preguntas": [\r\n                                        {\r\n                                            "pregunta": "Detallar complicaciones",\r\n                                            "tipo": "textbox",\r\n                                            "campo": "detalle_complicaciones_epidemiologico"\r\n                                        }\r\n                                    ]\r\n                                }\r\n                            },\r\n                            {\r\n                                "pregunta": "¿Activo actualmente?",\r\n                                "tipo": "checkbox",\r\n                                "opciones": ["Sí", "No"],\r\n                                "campo": "activo_epidemiologico",\r\n                                "dependencia": {\r\n                                    "respuesta": "Sí",\r\n                                    "preguntas": [\r\n                                        {\r\n                                            "pregunta": "Fecha de finalización",\r\n                                            "tipo": "date",\r\n                                            "campo": "fecha_finalizacion_epidemiologico"\r\n                                        }\r\n                                    ]\r\n                                }\r\n                            },\r\n                            {\r\n                                "pregunta": "Observaciones",\r\n                                "tipo": "textbox",\r\n                                "campo": "observaciones_epidemiologico"\r\n                            }\r\n                        ]\r\n                    }\r\n                }\r\n            ]\r\n        },\r\n        {\r\n            "seccion": "Antecedentes Gineco-Obstétricos",\r\n            "preguntas": [\r\n                {\r\n                    "pregunta": "¿Presenta antecedentes gineco-obstétricos?",\r\n                    "tipo": "checkbox",\r\n                    "opciones": ["Sí", "No"],\r\n                    "campo": "antecedente_gineco_obstetrico",\r\n                    "dependencia": {\r\n                        "respuesta": "Sí",\r\n                        "preguntas": [\r\n                            {\r\n                                "pregunta": "Menarquia",\r\n                                "tipo": "checkbox",\r\n                                "opciones": ["Sí", "No"],\r\n                                "campo": "menarquia"\r\n                            },\r\n                            {\r\n                                "pregunta": "Edad de la menarquia",\r\n                                "tipo": "number",\r\n                                "campo": "edad_menarquia"\r\n                            },\r\n                            {\r\n                                "pregunta": "Menopausia",\r\n                                "tipo": "checkbox",\r\n                                "opciones": ["Sí", "No"],\r\n                                "campo": "menopausia"\r\n                            },\r\n                            {\r\n                                "pregunta": "Edad de la menopausia",\r\n                                "tipo": "number",\r\n                                "campo": "edad_menopausia"\r\n                            },\r\n                            {\r\n                                "pregunta": "Gravidez",\r\n                                "tipo": "number",\r\n                                "campo": "gravidez"\r\n                            },\r\n                            {\r\n                                "pregunta": "Abortos",\r\n                                "tipo": "number",\r\n                                "campo": "abortos"\r\n                            },\r\n                            {\r\n                                "pregunta": "Hijos vivos",\r\n                                "tipo": "number",\r\n                                "campo": "hijos_vivos"\r\n                            },\r\n                            {\r\n                                "pregunta": "Método de planificación",\r\n                                "tipo": "checkbox",\r\n                                "opciones": ["Sí", "No"],\r\n                                "campo": "metodo_planificacion",\r\n                                "dependencia": {\r\n                                    "respuesta": "Sí",\r\n                                    "preguntas": [\r\n                                        {\r\n                                            "pregunta": "Método",\r\n                                            "tipo": "textbox",\r\n                                            "campo": "metodo_planificacion_detalle"\r\n                                        },\r\n                                        {\r\n                                            "pregunta": "Dosis",\r\n                                            "tipo": "textbox",\r\n                                            "campo": "dosis_planificacion"\r\n                                        },\r\n                                        {\r\n                                            "pregunta": "Adherencia",\r\n                                            "tipo": "textbox",\r\n                                            "campo": "adherencia_planificacion"\r\n                                        },\r\n                                        {\r\n                                            "pregunta": "Tolerancia",\r\n                                            "tipo": "textbox",\r\n                                            "campo": "tolerancia_planificacion"\r\n                                        }\r\n                                    ]\r\n                                }\r\n                            },\r\n                            {\r\n                                "pregunta": "Observaciones",\r\n                                "tipo": "textbox",\r\n                                "campo": "observaciones_gineco_obstetrico"\r\n                            }\r\n                        ]\r\n                    }\r\n                }\r\n            ]\r\n        },\r\n        {\r\n            "seccion": "Antecedentes Hospitalizaciones",\r\n            "preguntas": [\r\n                {\r\n                    "pregunta": "¿Ha estado hospitalizado(a) alguna vez?",\r\n                    "tipo": "checkbox",\r\n                    "opciones": ["Sí", "No"],\r\n                    "campo": "antecedente_hospitalizacion",\r\n                    "dependencia": {\r\n                        "respuesta": "Sí",\r\n                        "preguntas": [\r\n                            {\r\n                                "pregunta": "Causa de la hospitalización",\r\n                                "tipo": "textbox",\r\n                                "campo": "causa_hospitalizacion"\r\n                            },\r\n                            {\r\n                                "pregunta": "Fecha de inicio",\r\n                                "tipo": "date",\r\n                                "campo": "fecha_inicio_hospitalizacion"\r\n                            },\r\n                            {\r\n                                "pregunta": "Duración",\r\n                                "tipo": "textbox",\r\n                                "campo": "duracion_hospitalizacion"\r\n                            },\r\n                            {\r\n                                "pregunta": "Observaciones",\r\n                                "tipo": "textbox",\r\n                                "campo": "observaciones_hospitalizacion"\r\n                            }\r\n                        ]\r\n                    }\r\n                }\r\n            ]\r\n        },\r\n        {\r\n            "seccion": "Antecedentes Inmunizaciones",\r\n            "preguntas": [\r\n                {\r\n                    "pregunta": "¿Ha recibido inmunización o vacunación?",\r\n                    "tipo": "checkbox",\r\n                    "opciones": ["Sí", "No"],\r\n                    "campo": "antecedente_inmunizacion",\r\n                    "dependencia": {\r\n                        "respuesta": "Sí",\r\n                        "preguntas": [\r\n                            {\r\n                                "pregunta": "Vacuna o inmunización",\r\n                                "tipo": "textbox",\r\n                                "campo": "vacuna_inmunizacion"\r\n                            },\r\n                            {\r\n                                "pregunta": "Número de dosis",\r\n                                "tipo": "number",\r\n                                "campo": "numero_dosis_inmunizacion"\r\n                            },\r\n                            {\r\n                                "pregunta": "Fecha última dosis",\r\n                                "tipo": "date",\r\n                                "campo": "fecha_ultima_dosis_inmunizacion"\r\n                            },\r\n                            {\r\n                                "pregunta": "Observaciones",\r\n                                "tipo": "textbox",\r\n                                "campo": "observaciones_inmunizacion"\r\n                            }\r\n                        ]\r\n                    }\r\n                }\r\n            ]\r\n        },\r\n        {\r\n            "seccion": "Antecedentes Transfusionales",\r\n            "preguntas": [\r\n                {\r\n                    "pregunta": "¿Ha recibido transfusiones?",\r\n                    "tipo": "checkbox",\r\n                    "opciones": ["Sí", "No"],\r\n                    "campo": "antecedente_transfusional",\r\n                    "dependencia": {\r\n                        "respuesta": "Sí",\r\n                        "preguntas": [\r\n                            {\r\n                                "pregunta": "Motivo de la transfusión",\r\n                                "tipo": "textbox",\r\n                                "campo": "motivo_transfusion"\r\n                            },\r\n                            {\r\n                                "pregunta": "Número de dosis",\r\n                                "tipo": "number",\r\n                                "campo": "numero_dosis_transfusion"\r\n                            },\r\n                            {\r\n                                "pregunta": "Fecha última dosis",\r\n                                "tipo": "date",\r\n                                "campo": "fecha_ultima_dosis_transfusion"\r\n                            },\r\n                            {\r\n                                "pregunta": "Observaciones",\r\n                                "tipo": "textbox",\r\n                                "campo": "observaciones_transfusion"\r\n                            }\r\n                        ]\r\n                    }\r\n                }\r\n            ]\r\n        },\r\n        {\r\n            "seccion": "Antecedentes Familiares",\r\n            "preguntas": [\r\n                {\r\n                    "pregunta": "¿Presenta algún antecedente familiar?",\r\n                    "tipo": "checkbox",\r\n                    "opciones": ["Sí", "No"],\r\n                    "campo": "antecedente_familiar",\r\n                    "dependencia": {\r\n                        "respuesta": "Sí",\r\n                        "preguntas": [\r\n                            {\r\n                                "pregunta": "Tipo de antecedente",\r\n                                "tipo": "textbox",\r\n                                "campo": "tipo_antecedente_familiar"\r\n                            },\r\n                            {\r\n                                "pregunta": "Parentesco",\r\n                                "tipo": "textbox",\r\n                                "campo": "parentesco_antecedente_familiar"\r\n                            },\r\n                            {\r\n                                "pregunta": "Observaciones",\r\n                                "tipo": "textbox",\r\n                                "campo": "observaciones_antecedente_familiar"\r\n                            }\r\n                        ]\r\n                    }\r\n                }\r\n            ]\r\n        }\r\n    ]'),
	(7, 'General_Análisis', 'Examen diagnostico.', '[\r\n        {"tipo": "textarea", "nombre": "analisis_historia", "etiqueta": "Análisis de Historia Clínica"},\r\n        {"tipo": "textarea", "nombre": "plan_tratamiento", "etiqueta": "Plan de Tratamiento"},\r\n        {"tipo": "text", "nombre": "cie10_codigo", "etiqueta": "Código CIE-10"},\r\n        {"tipo": "text", "nombre": "cie10_diagnostico", "etiqueta": "Diagnóstico CIE-10"},\r\n        {"tipo": "checkbox", "nombre": "cie10_estado", "etiqueta": "Estado CIE-10", "opciones": ["confirmado_nuevo", "confirmado_antiguo", "en_estudio"]},\r\n        {"tipo": "text", "nombre": "dsmv_codigo", "etiqueta": "Código DSM-V"},\r\n        {"tipo": "text", "nombre": "dsmv_diagnostico", "etiqueta": "Diagnóstico DSM-V"},\r\n        {"tipo": "checkbox", "nombre": "dsmv_estado", "etiqueta": "Estado DSM-V", "opciones": ["confirmado_nuevo", "confirmado_antiguo", "en_estudio"]}\r\n    ]'),
	(8, 'General_Medicamentos', 'Registro de medicación del paciente.', '[  \r\n        {"tipo": "text", "nombre": "nombre_comercial", "etiqueta": "Nombre Comercial"},  \r\n        {"tipo": "text", "nombre": "nombre_generico", "etiqueta": "Nombre Genérico"},  \r\n        {"tipo": "select", "nombre": "presentacion", "etiqueta": "Presentación", "opciones": ["Tableta", "Cápsula", "Solución", "Ampolla", "Spray"]},  \r\n        {"tipo": "text", "nombre": "concentracion", "etiqueta": "Concentración"},  \r\n        {"tipo": "select", "nombre": "unidad", "etiqueta": "Unidad", "opciones": ["Microgramos", "Miligramos", "Gramos", "Mililitros", "Porcentaje", "Volumen"]},  \r\n        {"tipo": "select", "nombre": "via_administracion", "etiqueta": "Vía de Administración", "opciones": ["Oral", "Tópico", "Intramuscular", "Subcutáneo", "Intravenoso", "Intrarectal", "Vaginal", "Subdérmico", "Ótico", "Óptico", "Intranasal"]},  \r\n        {"tipo": "text", "nombre": "cantidad", "etiqueta": "Cantidad"},  \r\n        {"tipo": "text", "nombre": "frecuencia", "etiqueta": "Frecuencia"},  \r\n        {"tipo": "date", "nombre": "fecha_inicio", "etiqueta": "Fecha de Inicio"},  \r\n        {"tipo": "date", "nombre": "fecha_finalizacion", "etiqueta": "Fecha de Finalización"},  \r\n        {"tipo": "textarea", "nombre": "indicacion", "etiqueta": "Indicación"}  \r\n    ]'),
	(9, 'General_ExamenNeurológico', 'Evaluación de los pares craneales y función neurológica.', '[\r\n        {"tipo": "checkbox", "nombre": "clavos", "etiqueta": "Clavos", "opciones": ["Izquierdo", "Derecho"]},\r\n        {"tipo": "checkbox", "nombre": "pimienta", "etiqueta": "Pimienta", "opciones": ["Izquierdo", "Derecho"]},\r\n        {"tipo": "checkbox", "nombre": "cafe", "etiqueta": "Café", "opciones": ["Izquierdo", "Derecho"]},\r\n        {"tipo": "checkbox", "nombre": "canela", "etiqueta": "Canela", "opciones": ["Izquierdo", "Derecho"]},\r\n        {"tipo": "checkbox", "nombre": "alcohol", "etiqueta": "Alcohol", "opciones": ["Izquierdo", "Derecho"]},\r\n        {"tipo": "checkbox", "nombre": "amaurosis", "etiqueta": "Amaurosis", "opciones": ["Presente"]},\r\n        {"tipo": "checkbox", "nombre": "oscurecimientos", "etiqueta": "Oscurecimientos", "opciones": ["Presente"]},\r\n        {"tipo": "checkbox", "nombre": "fotopsias", "etiqueta": "Fotopsias", "opciones": ["Presente"]},\r\n        {"tipo": "checkbox", "nombre": "escotomas", "etiqueta": "Escotomas", "opciones": ["Presente"]},\r\n        {"tipo": "checkbox", "nombre": "agudeza_visual", "etiqueta": "Agudeza Visual", "opciones": ["Presente"]},\r\n        {"tipo": "checkbox", "nombre": "hemorragias", "etiqueta": "Hemorragias", "opciones": ["Presente"]},\r\n        {"tipo": "checkbox", "nombre": "exudados", "etiqueta": "Exudados", "opciones": ["Presente"]},\r\n        {"tipo": "select", "nombre": "campimetria", "etiqueta": "Campimetría", "opciones": ["CV1", "CV2", "CV3", "CV4", "CV5", "CV6", "CV7", "CV8", "CV9"]}\r\n    ]'),
	(10, 'Sueno_Anamnesis', 'Evaluación de los hábitos y trastornos del sueño.', '[\r\n        {"tipo": "textbox", "nombre": "motivo_consulta", "etiqueta": "Motivo de consulta"},\r\n        {"tipo": "textbox", "nombre": "enfermedad_actual", "etiqueta": "Enfermedad actual"},\r\n        {"tipo": "checkbox", "nombre": "queja_sueno", "etiqueta": "Queja de sueño", "opciones": ["Si", "No"]},\r\n        {"tipo": "select", "nombre": "tipo_queja", "etiqueta": "Tipo de queja de sueño", "opciones": ["Dificultad de conciliación", "Dificultad de mantenimiento", "Trastornos de conducta del sueño", "Apnea", "Ronquido", "Somnolencia diurna", "Narcolepsia", "Hipersomnolencia", "Despertares nocturnos"]},\r\n        {"tipo": "textbox", "nombre": "inicio", "etiqueta": "¿Cuándo inició?"},\r\n        {"tipo": "textbox", "nombre": "evolucion", "etiqueta": "Cómo ha evolucionado"},\r\n        {"tipo": "checkbox", "nombre": "frecuencia", "etiqueta": "Frecuencia Semana", "opciones": ["Una vez", "2-3 veces", "4-5 veces", "> 5 veces"]},\r\n        {"tipo": "checkbox", "nombre": "gravedad", "etiqueta": "Gravedad", "opciones": ["Leve", "Moderado", "Grave"]},\r\n        {"tipo": "checkbox", "nombre": "causa_conocida", "etiqueta": "Existe alguna causa conocida o a la que le atribuya el problema", "opciones": ["Si", "No"]},\r\n        {"tipo": "textbox", "nombre": "especifique_causa", "etiqueta": "Especifique cuál o cuáles causas", "dependencia": "causa_conocida", "valor_dependencia": "Si"},\r\n        {"tipo": "textbox", "nombre": "observaciones", "etiqueta": "Observaciones"},\r\n        {"tipo": "checkbox", "nombre": "rutina_antes_dormir", "etiqueta": "¿Tiene alguna rutina antes de dormir?", "opciones": ["Si", "No"]},\r\n        {"tipo": "textbox", "nombre": "describa_rutina", "etiqueta": "Describa", "dependencia": "rutina_antes_dormir", "valor_dependencia": "Si"},\r\n        {"tipo": "checkbox", "nombre": "horario_laboral", "etiqueta": "Horario Jornada Académica / Laboral Lunes a Viernes", "opciones": ["Diurna", "Nocturna", "Mixta"]},\r\n        {"tipo": "textbox", "nombre": "hora_acostarse", "etiqueta": "Hora aproximada de acostarse", "formato": "hh:mm"},\r\n        {"tipo": "textbox", "nombre": "tiempo_dormirse", "etiqueta": "Cuanto tiempo le toma quedarse dormido(a) (en minutos)"},\r\n        {"tipo": "textbox", "nombre": "hora_intencion_dormir", "etiqueta": "Hora aproximada de intención de dormir", "formato": "hh:mm"},\r\n        {"tipo": "textbox", "nombre": "hora_despertarse", "etiqueta": "Hora aproximada de despertarse", "formato": "hh:mm"},\r\n        {"tipo": "textbox", "nombre": "tiempo_salir_cama", "etiqueta": "Cuánto tiempo le toma para salir de la cama (en minutos)"},\r\n        {"tipo": "checkbox", "nombre": "sueno_reparador", "etiqueta": "El sueño es reparador", "opciones": ["Si", "No"]},\r\n        {"tipo": "checkbox", "nombre": "companero_cama", "etiqueta": "Compañero(a) de cama", "opciones": ["Si", "No"]},\r\n        {"tipo": "checkbox", "nombre": "necesita_despertador", "etiqueta": "¿Necesita despertador?", "opciones": ["Si", "No"]}\r\n    ]'),
	(11, 'Sueño_Cuestionarios', 'Evaluación de la calidad del sueño basada en el índice de Pittsburgh y otros.', '[\r\n            {"tipo": "textbox", "nombre": "hora_acostarse", "etiqueta": "Hora de acostarse"},\r\n            {"tipo": "textbox", "nombre": "latencia_sueno", "etiqueta": "Latencia de inicio de sueño"},\r\n            {"tipo": "textbox", "nombre": "hora_levantarse", "etiqueta": "Hora de levantarse"},\r\n            {"tipo": "checkbox", "nombre": "no_conciliar", "etiqueta": "No poder conciliar el sueño", "opciones": ["Nunca", "Ocasionalmente", "Frecuente", "Siempre"]},\r\n            {"tipo": "checkbox", "nombre": "despertar_noche", "etiqueta": "Despertarse durante la noche o de madrugada", "opciones": ["Nunca", "Ocasionalmente", "Frecuente", "Siempre"]},\r\n            {"tipo": "checkbox", "nombre": "levantarse_servicio", "etiqueta": "Tener que levantarse para ir al baño", "opciones": ["Nunca", "Ocasionalmente", "Frecuente", "Siempre"]},\r\n            {"tipo": "checkbox", "nombre": "ronquidos", "etiqueta": "Roncar ruidosamente", "opciones": ["Nunca", "Ocasionalmente", "Frecuente", "Siempre"]},\r\n            {"tipo": "checkbox", "nombre": "sensacion_frio", "etiqueta": "Sentir frío", "opciones": ["Nunca", "Ocasionalmente", "Frecuente", "Siempre"]},\r\n            {"tipo": "checkbox", "nombre": "sensacion_calor", "etiqueta": "Sentir demasiado calor", "opciones": ["Nunca", "Ocasionalmente", "Frecuente", "Siempre"]},\r\n            {"tipo": "checkbox", "nombre": "dolores", "etiqueta": "Sufrir dolores", "opciones": ["Nunca", "Ocasionalmente", "Frecuente", "Siempre"]},\r\n            {"tipo": "textbox", "nombre": "otras_razones", "etiqueta": "Otras razones (describir)"},\r\n            {"tipo": "select", "nombre": "calidad_sueno", "etiqueta": "Valoración de calidad del sueño", "opciones": ["Buena", "Bastante buena", "Mala", "Bastante mala"]},\r\n            {"tipo": "checkbox", "nombre": "uso_medicacion", "etiqueta": "Uso de medicinas para dormir", "opciones": ["Nunca", "Ocasionalmente", "Frecuente", "Siempre"]},\r\n            {"tipo": "checkbox", "nombre": "somnolencia_diurna", "etiqueta": "Somnolencia durante actividades", "opciones": ["Nunca", "Ocasionalmente", "Frecuente", "Siempre"]},\r\n            {"tipo": "checkbox", "nombre": "problemas_animo", "etiqueta": "Problemas para tener ánimos", "opciones": ["Ninguno", "Leve", "Moderado", "Grave"]},\r\n            {"tipo": "select", "nombre": "duerme_solo", "etiqueta": "Duerme solo o acompañado", "opciones": ["Solo", "Con alguien en otra habitación", "En la misma cama"]},\r\n            {"tipo": "checkbox", "nombre": "ronquidos_acompanante", "etiqueta": "El acompañante reporta ronquidos", "opciones": ["Nunca", "Ocasionalmente", "Frecuente", "Siempre"]},\r\n            {"tipo": "checkbox", "nombre": "espasmos", "etiqueta": "Sacudidas o espasmos en piernas", "opciones": ["Nunca", "Ocasionalmente", "Frecuente", "Siempre"]},\r\n            {"tipo": "checkbox", "nombre": "desorientacion", "etiqueta": "Episodios de desorientación mientras duerme", "opciones": ["Nunca", "Ocasionalmente", "Frecuente", "Siempre"]}\r\n        ]'),
	(12, 'Sueno_Examen_Fisico', 'Evaluación de medidas antropométricas relacionadas con el sueño.', '[\r\n            {"tipo": "number", "nombre": "peso", "etiqueta": "Peso (Kg)", "step": "0.1", "requerido": true},\r\n            {"tipo": "number", "nombre": "talla", "etiqueta": "Talla (cm)", "step": "0.1", "requerido": true},\r\n            {"tipo": "textbox", "nombre": "imc", "etiqueta": "Índice de Masa Corporal (IMC)", "readonly": true},\r\n            {"tipo": "textbox", "nombre": "rango_imc", "etiqueta": "Rango IMC", "readonly": true},\r\n            {"tipo": "number", "nombre": "circunferencia_cuello", "etiqueta": "Circunferencia de cuello (cm)", "step": "0.1", "requerido": true},\r\n            {"tipo": "number", "nombre": "perimetro_abdominal", "etiqueta": "Perímetro abdominal (cm)", "step": "0.1", "requerido": true},\r\n            {"tipo": "checkbox", "nombre": "simetria_narinas", "etiqueta": "Simetría de las narinas", "opciones": ["Sí", "No"]}\r\n        ]'),
	(13, 'Sueno_Pittsburgh_Sleep_Quality_Index', 'Cuestionario de evaluación de la calidad del sueño mediante el índice de calidad del sueño de Pittsburgh.', '[\r\n            {"tipo": "number", "nombre": "hora_acostarse", "etiqueta": "Hora habitual de acostarse", "step": "1", "requerido": true},\r\n            {"tipo": "number", "nombre": "minutos_dormir", "etiqueta": "Minutos que tarda en dormir", "step": "1", "requerido": true},\r\n            {"tipo": "number", "nombre": "hora_despertarse", "etiqueta": "Hora habitual de despertarse", "step": "1", "requerido": true},\r\n            {"tipo": "number", "nombre": "horas_sueno", "etiqueta": "Horas totales de sueño", "step": "0.1", "requerido": true},\r\n            {"tipo": "select", "nombre": "calidad_sueno", "etiqueta": "Calidad del sueño", "opciones": ["Muy buena", "Buena", "Regular", "Mala"], "requerido": true},\r\n            {"tipo": "select", "nombre": "problemas_sueno", "etiqueta": "Problemas para dormir", "opciones": ["Nunca", "Menos de una vez por semana", "Una o dos veces por semana", "Tres o más veces por semana"], "requerido": true},\r\n            {"tipo": "checkbox", "nombre": "uso_medicacion", "etiqueta": "Uso de medicación para dormir", "opciones": ["Sí", "No"]},\r\n            {"tipo": "select", "nombre": "somnolencia_diurna", "etiqueta": "Somnolencia durante el día", "opciones": ["Nunca", "Raramente", "A veces", "Frecuentemente"], "requerido": true}\r\n        ]'),
	(14, 'Sueno_Epworth_Sleepiness_Scale', 'Cuestionario de somnolencia diurna mediante la escala de somnolencia de Epworth.', '[\r\n        {"tipo": "select", "nombre": "epworth_leyendo", "etiqueta": "Sentado y leyendo", "opciones": ["Nunca se ha dormido", "Escasa posibilidad de dormirse", "Moderada posibilidad de dormirse", "Elevada posibilidad de dormirse"], "requerido": true},\r\n        {"tipo": "select", "nombre": "epworth_tv", "etiqueta": "Viendo la TV", "opciones": ["Nunca se ha dormido", "Escasa posibilidad de dormirse", "Moderada posibilidad de dormirse", "Elevada posibilidad de dormirse"], "requerido": true},\r\n        {"tipo": "select", "nombre": "epworth_teatro", "etiqueta": "Sentado, inactivo en un espectáculo (teatro)", "opciones": ["Nunca se ha dormido", "Escasa posibilidad de dormirse", "Moderada posibilidad de dormirse", "Elevada posibilidad de dormirse"], "requerido": true},\r\n        {"tipo": "select", "nombre": "epworth_piloto", "etiqueta": "En coche, como piloto de un viaje de una hora", "opciones": ["Nunca se ha dormido", "Escasa posibilidad de dormirse", "Moderada posibilidad de dormirse", "Elevada posibilidad de dormirse"], "requerido": true},\r\n        {"tipo": "select", "nombre": "epworth_tumbado", "etiqueta": "Tumbado a media tarde", "opciones": ["Nunca se ha dormido", "Escasa posibilidad de dormirse", "Moderada posibilidad de dormirse", "Elevada posibilidad de dormirse"], "requerido": true},\r\n        {"tipo": "select", "nombre": "epworth_charlando", "etiqueta": "Sentado y charlando con alguien", "opciones": ["Nunca se ha dormido", "Escasa posibilidad de dormirse", "Moderada posibilidad de dormirse", "Elevada posibilidad de dormirse"], "requerido": true},\r\n        {"tipo": "select", "nombre": "epworth_comida", "etiqueta": "Sentado después de comer sin ingerir alcohol", "opciones": ["Nunca se ha dormido", "Escasa posibilidad de dormirse", "Moderada posibilidad de dormirse", "Elevada posibilidad de dormirse"], "requerido": true},\r\n        {"tipo": "select", "nombre": "epworth_trafico", "etiqueta": "En su coche, cuando se para debido al tráfico", "opciones": ["Nunca se ha dormido", "Escasa posibilidad de dormirse", "Moderada posibilidad de dormirse", "Elevada posibilidad de dormirse"], "requerido": true}\r\n    ]'),
	(15, 'Sueno_Stop-Bang', 'Cuestionario para evaluar el riesgo de apnea del sueño mediante el modelo Stop-Bang.', '[\r\n        {"tipo": "checkbox", "nombre": "ronca_fuerte", "etiqueta": "Ronca fuerte", "requerido": true},\r\n        {"tipo": "checkbox", "nombre": "cansado_frecuencia", "etiqueta": "Se siente cansado con frecuencia", "requerido": true},\r\n        {"tipo": "checkbox", "nombre": "deja_respirar", "etiqueta": "Lo observaron dejar de respirar o ahogarse mientras dormía", "requerido": true},\r\n        {"tipo": "checkbox", "nombre": "presion_arterial", "etiqueta": "Tiene o está recibiendo tratamiento para la presión arterial", "requerido": true},\r\n        {"tipo": "checkbox", "nombre": "imc_alto", "etiqueta": "Presenta un índice de masa corporal de más de 35kg/m²", "requerido": true},\r\n        {"tipo": "checkbox", "nombre": "mayor_50", "etiqueta": "Tiene más de 50 años", "requerido": true},\r\n        {"tipo": "checkbox", "nombre": "cuello_grande", "etiqueta": "¿El tamaño de su cuello es grande?", "requerido": true},\r\n        {"tipo": "checkbox", "nombre": "masculino", "etiqueta": "Masculino", "requerido": true}\r\n    ]'),
	(16, 'Sueno_MEW_(matutinidad, vespertinidad)', 'Cuestionario para evaluar la preferencia de una persona por la mañana o la noche.', '[\r\n        {"tipo": "select", "nombre": "hora_levantarse_meq", "etiqueta": "Si sólo pensaras en cuando te sentirías mejor y fueras totalmente libre de planificarte el día. ¿A qué hora te levantarías?", "opciones": ["Entre las 05:00 (5 AM) y 06:30 (6:30 AM) de la mañana", "Entre las 06:30 (6:30 AM) y las 07:45 (7:45 AM) de la mañana", "Entre las 07:45 (7:45 AM) y las 09:45 (9:45 AM) de la mañana", "Entre las 09:45 (9:45 AM) y las 11:00 (11 AM) de la mañana", "Entre las 11 (11 AM) de la mañana y las 12 de la tarde (12 noon)"], "requerido": true},\r\n        {"tipo": "select", "nombre": "hora_acostarse_meq", "etiqueta": "Si sólo pensaras en cuando te sentirías mejor y fueras totalmente libre de planificarte el día. ¿A qué hora te acostarías?", "opciones": ["A las 20:00 (8 PM) – 21:00 (9 PM)", "A las 21:00 (9 PM) – 22:15 (10:15 PM)", "A las 22:15 (10:15 PM) – 00:30 (12:30 AM)", "A las 00:30 (12:30 AM) – 01:45 (1:45 AM)", "A las 01:45 (1:45 AM) – 03:00 (3 AM)"], "requerido": true},\r\n        {"tipo": "select", "nombre": "uso_despertador_meq", "etiqueta": "Para levantarte por la mañana a una hora específica. ¿Hasta qué punto necesitas que te avise el despertador?", "opciones": ["No lo necesito", "Lo necesito poco", "Lo necesito bastante", "Lo necesito mucho"], "requerido": true},\r\n        {"tipo": "select", "nombre": "facilidad_levantarse_meq", "etiqueta": "¿Te resulta fácil levantarte por las mañanas?", "opciones": ["Nada fácil", "No muy fácil", "Bastante fácil", "Muy fácil"], "requerido": true},\r\n        {"tipo": "select", "nombre": "alerta_manana_meq", "etiqueta": "Una vez levantado por las mañanas. ¿Qué tal te encuentras durante la primera media hora?", "opciones": ["Nada alerta", "Poco alerta", "Bastante alerta", "Muy alerta"], "requerido": true},\r\n        {"tipo": "select", "nombre": "apetito_manana_meq", "etiqueta": "Una vez levantado por las mañanas. ¿Cómo es tu apetito durante la primera media hora?", "opciones": ["Muy escaso", "Bastante escaso", "Bastante bueno", "Muy bueno"], "requerido": true},\r\n        {"tipo": "select", "nombre": "descanso_manana_meq", "etiqueta": "Una vez levantado por las mañanas. ¿Qué tal te sientes durante la primera media hora?", "opciones": ["Muy cansado", "Bastante cansado", "Bastante descansado", "Muy descansado"], "requerido": true},\r\n        {"tipo": "select", "nombre": "hora_acostarse_libre_meq", "etiqueta": "Cuando no tienes compromisos al día siguiente. ¿A qué hora te acuestas en relación con tu hora habitual?", "opciones": ["Nunca o raramente o más tarde", "Menos de 1 hora más tarde", "De 1 a 2 horas más tarde", "Más de 2 horas más tarde"], "requerido": true},\r\n        {"tipo": "select", "nombre": "ejercicio_fisico_meq", "etiqueta": "Has decidido hacer un poco de ejercicio físico. Un amigo te propone hacerlo una hora dos veces por semana y según él, la mejor hora sería de 7 a 8 de la mañana. No teniendo nada más en cuenta salvo tu propio reloj “interno”, ¿cómo crees que te encontrarías?", "opciones": ["Estaría en buena forma", "Estaría en una forma aceptable", "Me resultaría difícil", "Me resultaría muy difícil"], "requerido": true}\r\n    ]'),
	(17, 'Sueno_Cuestionario_de_Berlín', 'Cuestionario para evaluar el riesgo de apnea del sueño mediante el modelo de Berlín.', '[\r\n        {"tipo": "select", "nombre": "peso_cambio", "etiqueta": "¿Su peso ha cambiado en los últimos 5 años?", "opciones": ["Aumentado", "Disminuido", "No ha cambiado"], "requerido": true},\r\n        {"tipo": "select", "nombre": "ronca", "etiqueta": "¿Usted ronca?", "opciones": ["Sí", "No", "No sabe"], "requerido": true},\r\n        {"tipo": "select", "nombre": "tipo_ronquido", "etiqueta": "Si usted ronca, ¿Su ronquido es?", "opciones": ["Ligeramente más fuerte que respirar", "Tan fuerte como hablar", "Más fuerte que hablar", "Muy fuerte"], "requerido": false},\r\n        {"tipo": "select", "nombre": "frecuencia_ronquidos", "etiqueta": "¿Con qué frecuencia ronca?", "opciones": ["Todas las noches", "3-4 veces por semana", "1-2 veces por semana", "1-2 veces por mes", "Nunca o casi nunca"], "requerido": true},\r\n        {"tipo": "select", "nombre": "ronquido_molesto", "etiqueta": "¿Alguna vez su ronquido ha molestado a otras personas?", "opciones": ["Sí", "No", "No sabe"], "requerido": true},\r\n        {"tipo": "select", "nombre": "apnea_observada", "etiqueta": "¿Ha notado alguien que usted deja de respirar cuando duerme?", "opciones": ["Casi todas las noches", "3-4 veces por semana", "1-2 veces por semana", "1-2 veces por mes", "Nunca o casi nunca"], "requerido": true},\r\n        {"tipo": "select", "nombre": "fatiga_matutina", "etiqueta": "¿Se siente cansado o fatigado al levantarse por la mañana?", "opciones": ["Casi todos los días", "3-4 veces por semana", "1-2 veces por semana", "1-2 veces por mes", "Nunca o casi nunca"], "requerido": true},\r\n        {"tipo": "select", "nombre": "fatiga_dia", "etiqueta": "¿Se siente cansado o fatigado durante el día?", "opciones": ["Casi todos los días", "3-4 veces por semana", "1-2 veces por semana", "1-2 veces por mes", "Nunca o casi nunca"], "requerido": true},\r\n        {"tipo": "checkbox", "nombre": "somnolencia_conducir", "etiqueta": "¿Alguna vez se ha quedado dormido mientras maneja o va de pasajero?", "requerido": true},\r\n        {"tipo": "checkbox", "nombre": "presion_alta", "etiqueta": "¿Usted tiene la presión alta?", "requerido": true}\r\n    ]'),
	(18, 'Sueno_Atenas_(Calidad_del_sueño)', 'Cuestionario para evaluar la calidad del sueño según el Índice de Atenas.', '[\r\n        {"tipo": "select", "nombre": "induccion_dormir", "etiqueta": "Inducción del dormir", "opciones": ["Ningún problema", "Ligeramente retrasado", "Marcadamente retrasado", "Muy retrasado o no durmió en absoluto"], "requerido": true},\r\n        {"tipo": "select", "nombre": "despertares_noche", "etiqueta": "Despertares durante la noche", "opciones": ["Ningún problema", "Problema menor", "Problema considerable", "Problema serio o no durmió en absoluto"], "requerido": true},\r\n        {"tipo": "select", "nombre": "despertar_temprano", "etiqueta": "Despertar final más temprano de lo deseado", "opciones": ["No más temprano", "Un poco más temprano", "Marcadamente más temprano", "Mucho más temprano o no durmió en absoluto"], "requerido": true},\r\n        {"tipo": "select", "nombre": "duracion_dormir", "etiqueta": "Duración total del dormir", "opciones": ["Suficiente", "Ligeramente insuficiente", "Marcadamente insuficiente", "Muy insuficiente o no durmió en absoluto"], "requerido": true},\r\n        {"tipo": "select", "nombre": "calidad_dormir", "etiqueta": "Calidad general del dormir", "opciones": ["Satisfactoria", "Ligeramente insatisfactoria", "Marcadamente insatisfactoria", "Muy insatisfactoria o no durmió en absoluto"], "requerido": true},\r\n        {"tipo": "select", "nombre": "bienestar_dia", "etiqueta": "Sensación de bienestar durante el día", "opciones": ["Normal", "Ligeramente disminuida", "Marcadamente disminuida", "Muy disminuida"], "requerido": true},\r\n        {"tipo": "select", "nombre": "funcionamiento_dia", "etiqueta": "Funcionamiento (físico y mental) durante el día", "opciones": ["Normal", "Ligeramente disminuida", "Marcadamente disminuida", "Muy disminuida"], "requerido": true},\r\n        {"tipo": "select", "nombre": "somnolencia_dia", "etiqueta": "Somnolencia durante el día", "opciones": ["Ninguna", "Leve", "Considerable", "Intensa"], "requerido": true}\r\n    ]'),
	(19, 'Sueno_Índice_Severidad_Insomnio_(ISI)', 'Cuestionario para evaluar la severidad del insomnio.', '[\r\n        {"tipo": "select", "nombre": "dificultad_dormir", "etiqueta": "Dificultad para dormir", "opciones": ["Muy severo", "Severo", "Moderado", "Poco", "Ninguno"], "requerido": true},\r\n        {"tipo": "select", "nombre": "dificultad_mantener_sueno", "etiqueta": "Dificultad para mantener el sueño", "opciones": ["Muy severo", "Severo", "Moderado", "Poco", "Ninguno"], "requerido": true},\r\n        {"tipo": "select", "nombre": "despertar_temprano", "etiqueta": "Me despierto muy temprano", "opciones": ["Muy severo", "Severo", "Moderado", "Poco", "Ninguno"], "requerido": true},\r\n        {"tipo": "select", "nombre": "satisfaccion_sueno", "etiqueta": "Satisfacción con el patrón de sueño actual", "opciones": ["Muy insatisfecho", "Insatisfecho", "Moderadamente satisfecho", "Satisfecho", "Muy satisfecho"], "requerido": true},\r\n        {"tipo": "select", "nombre": "notabilidad_problema", "etiqueta": "Notabilidad del problema del sueño para los demás", "opciones": ["Demasiado notable", "Muy notable", "Moderadamente notable", "Un poco notable", "No es notable"], "requerido": true},\r\n        {"tipo": "select", "nombre": "preocupacion_sueno", "etiqueta": "Preocupación/angustia por el problema de sueño", "opciones": ["Demasiado preocupado", "Muy preocupado", "Moderadamente preocupado", "Un poco preocupado", "Para nada preocupado"], "requerido": true},\r\n        {"tipo": "select", "nombre": "interferencia_sueno", "etiqueta": "Interferencia del problema de sueño en el funcionamiento diario", "opciones": ["Interfiere demasiado", "Interfiere mucho", "Interfiere moderadamente", "Interfiere un poco", "No interfiere"], "requerido": true}\r\n    ]');

-- Dumping structure for table ateneagrunecodb.home_proyecto
CREATE TABLE IF NOT EXISTS `home_proyecto` (
  `id` bigint(20) NOT NULL AUTO_INCREMENT,
  `nombre` varchar(255) NOT NULL,
  `descripcion` longtext DEFAULT NULL,
  `investigador_principal` varchar(255) DEFAULT NULL,
  `codigo_siu` varchar(50) DEFAULT NULL,
  `fecha_inicio` date DEFAULT NULL,
  `fecha_financiacion` date DEFAULT NULL,
  PRIMARY KEY (`id`),
  UNIQUE KEY `nombre` (`nombre`)
) ENGINE=InnoDB AUTO_INCREMENT=37 DEFAULT CHARSET=utf8mb4 COLLATE=utf8mb4_unicode_ci;

-- Dumping data for table ateneagrunecodb.home_proyecto: ~2 rows (approximately)
REPLACE INTO `home_proyecto` (`id`, `nombre`, `descripcion`, `investigador_principal`, `codigo_siu`, `fecha_inicio`, `fecha_financiacion`) VALUES
	(35, 'Proyecto sueno', 'Descripcion Proyecto sueno', 'Carlos Andres Tobon Quintero', '050035', '2025-03-11', NULL),
	(36, 'Proyecto asistencial', 'asistencial', 'Carlos Andres Tobon Quintero', NULL, '2025-03-11', NULL);

-- Dumping structure for table ateneagrunecodb.home_proyecto_pacientes
CREATE TABLE IF NOT EXISTS `home_proyecto_pacientes` (
  `id` int(11) NOT NULL AUTO_INCREMENT,
  `proyecto_id` bigint(20) NOT NULL,
  `datosdemograficos_id` bigint(20) NOT NULL,
  PRIMARY KEY (`id`),
  UNIQUE KEY `home_proyecto_pacientes_proyecto_id_datosdemogra_693e4493_uniq` (`proyecto_id`,`datosdemograficos_id`),
  KEY `home_proyecto_pacien_datosdemograficos_id_575eccd1_fk_home_dato` (`datosdemograficos_id`),
  CONSTRAINT `home_proyecto_pacien_datosdemograficos_id_575eccd1_fk_home_dato` FOREIGN KEY (`datosdemograficos_id`) REFERENCES `home_datosdemograficos` (`id`),
  CONSTRAINT `home_proyecto_pacientes_proyecto_id_1045e83c_fk_home_proyecto_id` FOREIGN KEY (`proyecto_id`) REFERENCES `home_proyecto` (`id`)
) ENGINE=InnoDB AUTO_INCREMENT=59 DEFAULT CHARSET=utf8mb4 COLLATE=utf8mb4_unicode_ci;

-- Dumping data for table ateneagrunecodb.home_proyecto_pacientes: ~2 rows (approximately)
REPLACE INTO `home_proyecto_pacientes` (`id`, `proyecto_id`, `datosdemograficos_id`) VALUES
	(57, 35, 45),
	(58, 36, 45);

-- Dumping structure for table ateneagrunecodb.home_tipovisita
CREATE TABLE IF NOT EXISTS `home_tipovisita` (
  `id` bigint(20) NOT NULL AUTO_INCREMENT,
  `nombre` varchar(255) NOT NULL,
  `proyecto_id` bigint(20) NOT NULL,
  `observaciones` longtext DEFAULT NULL,
  `examenes` longtext CHARACTER SET utf8mb4 COLLATE utf8mb4_bin DEFAULT NULL CHECK (json_valid(`examenes`)),
  PRIMARY KEY (`id`),
  KEY `home_tipovisita_proyecto_id_ead40586_fk_home_proyecto_id` (`proyecto_id`),
  CONSTRAINT `home_tipovisita_proyecto_id_ead40586_fk_home_proyecto_id` FOREIGN KEY (`proyecto_id`) REFERENCES `home_proyecto` (`id`)
) ENGINE=InnoDB AUTO_INCREMENT=27 DEFAULT CHARSET=utf8mb4 COLLATE=utf8mb4_unicode_ci;

-- Dumping data for table ateneagrunecodb.home_tipovisita: ~4 rows (approximately)
REPLACE INTO `home_tipovisita` (`id`, `nombre`, `proyecto_id`, `observaciones`, `examenes`) VALUES
	(17, 'Visita de inicio ', 35, 'examenes de la visita de inicio ', '[{"id": "3", "nombre": "General_ExamenF\\u00edsico"}, {"id": "4", "nombre": "General_Revisi\\u00f3nSistemas"}, {"id": "5", "nombre": "General_Antecedentes"}, {"id": "7", "nombre": "General_An\\u00e1lisis"}, {"id": "8", "nombre": "General_Medicamentos"}, {"id": "9", "nombre": "General_ExamenNeurol\\u00f3gico"}, {"id": "10", "nombre": "Sueno_Anamnesis"}, {"id": "11", "nombre": "Sue\\u00f1o_Cuestionarios"}, {"id": "12", "nombre": "Sueno_Examen_Fisico"}]'),
	(18, 'Visita de seguimiento', 35, 'examanes de visita de seguimiento', '[{"id": "3", "nombre": "General_ExamenF\\u00edsico"}, {"id": "4", "nombre": "General_Revisi\\u00f3nSistemas"}, {"id": "5", "nombre": "General_Antecedentes"}, {"id": "7", "nombre": "General_An\\u00e1lisis"}, {"id": "8", "nombre": "General_Medicamentos"}, {"id": "9", "nombre": "General_ExamenNeurol\\u00f3gico"}]'),
	(25, 'visita 1', 36, '', '[{"id": "13", "nombre": "Sueno_Pittsburgh_Sleep_Quality_Index"}, {"id": "14", "nombre": "Sueno_Epworth_Sleepiness_Scale"}, {"id": "15", "nombre": "Sueno_Stop-Bang"}, {"id": "16", "nombre": "Sueno_MEW_(matutinidad, vespertinidad)"}, {"id": "17", "nombre": "Sueno_Cuestionario_de_Berl\\u00edn"}, {"id": "18", "nombre": "Sueno_Atenas_(Calidad_del_sue\\u00f1o)"}, {"id": "19", "nombre": "Sueno_\\u00cdndice_Severidad_Insomnio_(ISI)"}]'),
	(26, 'visita 2', 36, '', '[{"id": "4", "nombre": "General_Revisi\\u00f3nSistemas"}, {"id": "3", "nombre": "General_ExamenF\\u00edsico"}, {"id": "19", "nombre": "Sueno_\\u00cdndice_Severidad_Insomnio_(ISI)"}, {"id": "18", "nombre": "Sueno_Atenas_(Calidad_del_sue\\u00f1o)"}, {"id": "17", "nombre": "Sueno_Cuestionario_de_Berl\\u00edn"}, {"id": "16", "nombre": "Sueno_MEW_(matutinidad, vespertinidad)"}, {"id": "15", "nombre": "Sueno_Stop-Bang"}, {"id": "14", "nombre": "Sueno_Epworth_Sleepiness_Scale"}, {"id": "13", "nombre": "Sueno_Pittsburgh_Sleep_Quality_Index"}, {"id": "12", "nombre": "Sueno_Examen_Fisico"}]');

-- Dumping structure for table ateneagrunecodb.home_visita
CREATE TABLE IF NOT EXISTS `home_visita` (
  `id` bigint(20) NOT NULL AUTO_INCREMENT,
  `nombre` varchar(255) NOT NULL,
  `evaluador` varchar(50) DEFAULT NULL,
  `fecha` date DEFAULT NULL,
  `Tipo_visita_id` bigint(20) DEFAULT NULL,
  `paciente_id` bigint(20) DEFAULT NULL,
  `acompanante_correo` varchar(254) DEFAULT NULL,
  `acompanante_nombre` varchar(255) DEFAULT NULL,
  `acompanante_relacion` varchar(100) DEFAULT NULL,
  `acompanante_telefono` varchar(20) DEFAULT NULL,
  PRIMARY KEY (`id`),
  KEY `home_visita_Tipo_visita_id_b1441333_fk_home_tipovisita_id` (`Tipo_visita_id`),
  KEY `home_visita_paciente_id_517429b6_fk_home_datosdemograficos_id` (`paciente_id`),
  CONSTRAINT `home_visita_Tipo_visita_id_b1441333_fk_home_tipovisita_id` FOREIGN KEY (`Tipo_visita_id`) REFERENCES `home_tipovisita` (`id`),
  CONSTRAINT `home_visita_paciente_id_517429b6_fk_home_datosdemograficos_id` FOREIGN KEY (`paciente_id`) REFERENCES `home_datosdemograficos` (`id`)
) ENGINE=InnoDB AUTO_INCREMENT=142 DEFAULT CHARSET=utf8mb4 COLLATE=utf8mb4_unicode_ci;

-- Dumping data for table ateneagrunecodb.home_visita: ~2 rows (approximately)
REPLACE INTO `home_visita` (`id`, `nombre`, `evaluador`, `fecha`, `Tipo_visita_id`, `paciente_id`, `acompanante_correo`, `acompanante_nombre`, `acompanante_relacion`, `acompanante_telefono`) VALUES
	(133, 'primera visita de seguimiento de sueno', 'Silvania Ramos Paternina', '2025-03-01', 17, 45, 'jorge.ramos@udea.edu.co', 'Jorge Ramos', 'Padre', '3013703150'),
	(141, 'visita seguimiento', 'Carlos Tobon', '2025-03-11', 25, 45, 'cosaconojos@gmail.com', 'Claudia Aponte', 'Encarte', '3007905522');

-- Dumping structure for table ateneagrunecodb.home_visitaexamen
CREATE TABLE IF NOT EXISTS `home_visitaexamen` (
  `id` bigint(20) NOT NULL AUTO_INCREMENT,
  `examen_id` bigint(20) NOT NULL,
  `visita_id` bigint(20) NOT NULL,
  `resultado` longtext CHARACTER SET utf8mb4 COLLATE utf8mb4_bin DEFAULT NULL CHECK (json_valid(`resultado`)),
  PRIMARY KEY (`id`),
  KEY `home_visitaexamen_examen_id_08198c4b_fk_home_examen_id` (`examen_id`),
  KEY `home_visitaexamen_visita_id_81cfcaff_fk_home_visita_id` (`visita_id`),
  CONSTRAINT `home_visitaexamen_examen_id_08198c4b_fk_home_examen_id` FOREIGN KEY (`examen_id`) REFERENCES `home_examen` (`id`),
  CONSTRAINT `home_visitaexamen_visita_id_81cfcaff_fk_home_visita_id` FOREIGN KEY (`visita_id`) REFERENCES `home_visita` (`id`)
) ENGINE=InnoDB AUTO_INCREMENT=224 DEFAULT CHARSET=utf8mb4 COLLATE=utf8mb4_unicode_ci;

-- Dumping data for table ateneagrunecodb.home_visitaexamen: ~10 rows (approximately)
REPLACE INTO `home_visitaexamen` (`id`, `examen_id`, `visita_id`, `resultado`) VALUES
	(197, 10, 133, '{"Motivo de consulta": "", "Enfermedad actual": "", "Quejas de sue\\u00f1o": [], "Horario de sue\\u00f1o": {"rutina_dormir": null, "describa_rutina": "", "jornada_laboral": [], "hora_acostarse_laboral": "", "tiempo_dormirse_laboral": "", "hora_intencion_dormir_laboral": "", "hora_despertar_laboral": "", "tiempo_salir_cama_laboral": "", "sueno_reparador_laboral": null, "companero_cama_laboral": null, "despertador_laboral": null, "jornada_fds": [], "hora_acostarse_fds": "", "tiempo_dormirse_fds": "", "hora_intencion_dormir_fds": "", "hora_despertar_fds": "", "tiempo_salir_cama_fds": "", "sueno_reparador_fds": null, "companero_cama_fds": null, "despertador_fds": null, "hora_acostarse_vacaciones": "", "tiempo_dormirse_vacaciones": "", "hora_intencion_dormir_vacaciones": "", "hora_despertar_vacaciones": "", "tiempo_salir_cama_vacaciones": "", "sueno_reparador_vacaciones": null, "companero_cama_vacaciones": null, "despertador_vacaciones": null}, "higiene del sueno": {"Siestas": {"realiza_siestas": null, "numero_siestas": "", "duracion_siestas": "", "siesta_frecuencia": null, "momento_dia": [], "siesta_reparadora": null, "periodo_siestas": "Jornada laboral / acad\\u00e9mica"}, "Lugar_donde_duerme": {"iluminacion": [], "comodidad": [], "ruido": []}, "Consumo_comidas_bebidas": {"consume": "no", "sustancias": []}, "Medicamentos": {"consume_medicamento": null, "medicamentos": []}, "Uso_pantallas": {"usa_pantallas": null, "pantallas": []}, "Actividades_en_cama": {"cama_actividades": null, "actividades": []}, "Actividad_fisica": {"actividad_fisica": null, "actividades_fisicas": []}}, "s\\u00edntoma diferente asociado al sue\\u00f1o": {"sintomas": {"sintomas_sueno": null, "sueno": []}, "s\\u00edntoma durante el funcionamiento diurno": {"actividad_diurno": null, "actividades_funcionamiento_diurno": []}}}'),
	(198, 11, 133, '{"Pittsburgh": {"Hora de acostarse durante el ultimo mes": "", "Latencia de inicio de sue\\u00f1o (minutos)": "", "Hora de levantarse durante el ultimo mes": "", "Cuantas horas duerme verdaderamente cada noche durante el ultimo mes": null, "No poder conciliar el sue\\u00f1o": "Ninguna vez", "Despertarse durante la noche o de madrugada": "Ninguna vez", "Tener que levantarse para ir al servicio": "Ninguna vez", "No poder respirar bien": "Ninguna vez", "Toser o roncar ruidosamente": "Ninguna vez", "Sentir frio": "Ninguna vez", "Sentir demasiado calor": "Ninguna vez", "Tener pesadillas o malos sue\\u00f1os": "Ninguna vez", "Sufrir dolores": "Ninguna vez", "otras_razones": "", "otras_sueno": "Ninguna vez", "Durante el ultimo mes \\u00bfComo valoraria en conjunto su calidad de sue\\u00f1o?": "Buena", "Durante el ultimo mes \\u00bfCuantas veces habra tomado medicinas (por su cuenta o recetadas por medico) para dormir?": "Ninguna vez", "Durante el ultimo mes \\u00bfCuantas veces ha sentido somnolencia mientras conducia, comia, o desarrollaba alguna otra actividad?": "Ninguna vez", "Durante el ultimo mes \\u00bfha representado mucho problema el tener animos para realizar alguna de las actividades detalladas en la pregunta anterior?": "Ninguna vez", "Duerme solo o acompa\\u00f1ado": "solo", "Ronquidos ruidosos": "Ninguna vez en el \\u00faltimo mes", "Grandes pausas entre respiraciones mientras duerme": "Ninguna vez en el \\u00faltimo mes", "Sacudidas o espasmos de piernas mientras duerme": "Ninguna vez en el \\u00faltimo mes", "Episodios de desorientaci\\u00f3n o confusi\\u00f3n mientras duerme": "Ninguna vez en el \\u00faltimo mes", "Otros inconvenientes mientras duerme (describir)": "Ninguna vez en el \\u00faltimo mes", "descripcion_inconvenientes": ""}, "Epworth": {"Con que frecuencia se queda dormido?": {"Sentado y leyendo": "", "Viendo la TV": "", "Sentado, inactivo en un espect\\u00e1culo (teatro)": "", "En coche, como piloto de un viaje de una hora": "", "Tumbado a media tarde": "", "Sentado y charlando con alguien": "", "Sentado despu\\u00e9s de comer sin ingerir alcohol": "", "En su coche, cuando se para debido al tr\\u00e1fico": ""}}, "Stop_Bang": {"Ronca fuerte": "No", "Se siente cansado con frecuencia": "No", "Lo observaron dejar de respirar o ahogarse mientras dorm\\u00eda": "No", "Tiene o est\\u00e1 recibiendo tratamiento para la presi\\u00f3n arterial": "No", "Presenta un \\u00edndice de masa corporal de m\\u00e1s de 35kg/m\\u00b2": "No", "Tiene m\\u00e1s de 50 a\\u00f1os": "No", "El tama\\u00f1o de su cuello es grande": "No", "Masculino": "No"}, "MEQ": {"Hora a la que se levantar\\u00eda si fuera libre de planificar el d\\u00eda": "Entre las 05:00 (5 AM) y 06:30 (6:30 AM) de la ma\\u00f1ana", "Hora a la que se acostar\\u00eda": "A las 20:00 (8 PM) \\u2013 21:00 (9 PM)", "Necesidad del despertador para levantarse": "No lo necesito", "Facilidad para levantarse por la ma\\u00f1ana": "Nada f\\u00e1cil", "Nivel de alerta en la primera media hora tras levantarse": "Nada alerta", "Apetito en la primera media hora tras levantarse": "Muy escaso", "Sensaci\\u00f3n de descanso en la primera media hora tras levantarse": "Muy cansado", "Hora a la que se acostar\\u00eda en un d\\u00eda sin compromisos": "Nunca o raramente o m\\u00e1s tarde", "Estado f\\u00edsico al realizar ejercicio por la ma\\u00f1ana": "Estar\\u00eda en buena forma", "Hora aproximada de la noche en que se siente cansado": "20:00 - 21:00", "Horario ideal para una prueba mentalmente agotadora": "08:00 - 10:00", "Si te acostaras a las 11 PM, \\u00bfqu\\u00e9 nivel de cansancio notar\\u00edas?": "Ning\\u00fan cansancio", "por alg\\u00fan motivo te has acostado varias horas m\\u00e1s tarde..\\u00bfCuando crees que te despertar\\u00edas? ": "A la hora habitual y ya no dormir\\u00eda m\\u00e1s", "Guardia nocturna, \\u00bfqu\\u00e9 preferir\\u00edas? ": "No acostarme hasta pasada la guardia", "Tienes que hacer dos horas de trabajo f\\u00edsico pesado.  \\u00bfqu\\u00e9 horario escoger\\u00edas?": "De 08:00 (8 AM) a 10:00 (10 AM)", "Has decidido hacer ejercicio f\\u00edsico intenso nocturno. \\u00bfC\\u00f3mo crees que te sentar\\u00eda?": "Estar\\u00eda en buena forma", "horario trabajo, \\u00bfQu\\u00e9 CINCO HORAS CONSECUTIVAS seleccionar\\u00edas? \\u00bfEmpezando en qu\\u00e9 hora?": "Entre las 04:00 (4 AM) y las 08:00 (8 AM)", "\\u00bfA qu\\u00e9 hora del d\\u00eda crees que alcanzas tu m\\u00e1ximo bienestar?": "Entre las 05:00 (5 AM) y las 08:00 (8 AM)", "Se habla de personas de tipo matutino y vespertino. \\u00bfCu\\u00e1l de estos tipos te consideras ser?": "Un tipo claramente matutino", "puntuacion": ""}, "Berl\\u00edn": {"\\u00bfSu peso ha cambiado en los \\u00faltimos 5 a\\u00f1os?": "Aumentado", "\\u00bfUsted ronca?": "S\\u00ed", "Si usted ronca, \\u00bfSu ronquido es?": "------", "\\u00bfCon qu\\u00e9 frecuencia ronca?": "Todas las noches", "\\u00bfAlguna vez su ronquido ha molestado a otras personas?": "S\\u00ed", "\\u00bfHa notado alguien que usted deja de respirar cuando duerme?": "Casi todas las noches", "\\u00bfSe siente cansado o fatigado al levantarse por la ma\\u00f1ana?": "Casi todos los d\\u00edas", "fatiga_dia": "Casi todos los d\\u00edas", "\\u00bfAlguna vez se ha sentido somnoliento o se ha quedado dormido mientras va de pasajero en un carro o maneja un veh\\u00edculo?": null, "\\u00bfUsted tiene la presi\\u00f3n alta?": null}, "Atenas": {"Inducci\\u00f3n del dormir (tiempo que le toma quedarse dormido una vez acostado)": "Ning\\u00fan problema", "Despertares durante la noche": "Ning\\u00fan problema", "Despertar final m\\u00e1s temprano de lo deseado": "Muy severo", "Duraci\\u00f3n total del dormir": "Suficiente", "Calidad general del dormir (no importa cu\\u00e1nto tiempo durmi\\u00f3 usted)": "Satisfactoria", "Sensaci\\u00f3n de bienestar durante el d\\u00eda": "Normal", "Funcionamiento (f\\u00edsico y mental) durante el d\\u00eda": "Normal", "Somnolencia durante el d\\u00eda": "Ninguna"}, "ISI": {"dificultad_dormir": "Muy severo", "dificultad_mantener_sueno": "Muy severo", "despertar_temprano": "Muy severo", "satisfaccion_sueno": "Muy insatisfecho", "notabilidad_problema": "Demasiado notable", "preocupacion_sueno": "Demasiado preocupado", "interferencia_sueno": "Interfiere demasiado"}}'),
	(199, 12, 133, '{"Peso (Kg)": "60", "Talla (cm)": "170", "\\u00cdndice de Masa Corporal (IMC)": "20.76", "Rango IMC": "Peso normal", "Circunferencia de cuello": "42", "Per\\u00edmetro abdominal": "3", "Simetr\\u00eda de las narinas": "No", "Tipo de narina": "Tipo 1", "Presencia de desviaci\\u00f3n de septo": "No", "Hipertrofia de cornetes nasales": "Si", "Grado": "Moderado", "Hipertrofi de \\u00favula": "Si", "Biotipo": "Mesomorfo", "Clasificaci\\u00f3n de Mallampati": "Clase 1", "Hipertrof\\u00eda de amigdalas (Escala de Friedman)": "Grado 0", "Tipo de mordida": "Clase 1", "Alteraci\\u00f3n cr\\u00e1neo o cara": "no"}'),
	(217, 13, 141, NULL),
	(218, 14, 141, NULL),
	(219, 15, 141, '{"Epworth": {"Con que frecuencia se queda dormido?": {"Sentado y leyendo": null, "Viendo la TV": null, "Sentado, inactivo en un espect\\u00e1culo (teatro)": null, "En coche, como piloto de un viaje de una hora": null, "Tumbado a media tarde": null, "Sentado y charlando con alguien": null, "Sentado despu\\u00e9s de comer sin ingerir alcohol": null, "En su coche, cuando se para debido al tr\\u00e1fico": null}}}'),
	(220, 16, 141, '{"MEW": {"Hora a la que se levantar\\u00eda si fuera libre de planificar el d\\u00eda": "Entre las 05:00 (5 AM) y 06:30 (6:30 AM) de la ma\\u00f1ana", "Hora a la que se acostar\\u00eda": "A las 20:00 (8 PM) \\u2013 21:00 (9 PM)", "Necesidad del despertador para levantarse": "No lo necesito", "Facilidad para levantarse por la ma\\u00f1ana": "Nada f\\u00e1cil", "Nivel de alerta en la primera media hora tras levantarse": "Nada alerta", "Apetito en la primera media hora tras levantarse": "Muy escaso", "Sensaci\\u00f3n de descanso en la primera media hora tras levantarse": "Muy cansado", "Hora a la que se acostar\\u00eda en un d\\u00eda sin compromisos": "Nunca o raramente o m\\u00e1s tarde", "Estado f\\u00edsico al realizar ejercicio por la ma\\u00f1ana": "Estar\\u00eda en buena forma", "Hora aproximada de la noche en que se siente cansado": "20:00 - 21:00", "Horario ideal para una prueba mentalmente agotadora": "08:00 - 10:00", "Si te acostaras a las 11 PM, \\u00bfqu\\u00e9 nivel de cansancio notar\\u00edas?": "Ning\\u00fan cansancio", "por alg\\u00fan motivo te has acostado varias horas m\\u00e1s tarde..\\u00bfCuando crees que te despertar\\u00edas? ": "A la hora habitual y ya no dormir\\u00eda m\\u00e1s", "Guardia nocturna, \\u00bfqu\\u00e9 preferir\\u00edas? ": "No acostarme hasta pasada la guardia", "Tienes que hacer dos horas de trabajo f\\u00edsico pesado.  \\u00bfqu\\u00e9 horario escoger\\u00edas?": "De 08:00 (8 AM) a 10:00 (10 AM)", "Has decidido hacer ejercicio f\\u00edsico intenso nocturno. \\u00bfC\\u00f3mo crees que te sentar\\u00eda?": "Estar\\u00eda en buena forma", "horario trabajo, \\u00bfQu\\u00e9 CINCO HORAS CONSECUTIVAS seleccionar\\u00edas? \\u00bfEmpezando en qu\\u00e9 hora?": "Entre las 04:00 (4 AM) y las 08:00 (8 AM)", "\\u00bfA qu\\u00e9 hora del d\\u00eda crees que alcanzas tu m\\u00e1ximo bienestar?": "Entre las 05:00 (5 AM) y las 08:00 (8 AM)", "Se habla de personas de tipo matutino y vespertino. \\u00bfCu\\u00e1l de estos tipos te consideras ser?": "Un tipo claramente matutino", "puntuacion": ""}}'),
	(221, 17, 141, '{"Berl\\u00edn": {"\\u00bfSu peso ha cambiado en los \\u00faltimos 5 a\\u00f1os?": "Aumentado", "\\u00bfUsted ronca?": "S\\u00ed", "Si usted ronca, \\u00bfSu ronquido es?": "------", "\\u00bfCon qu\\u00e9 frecuencia ronca?": "Todas las noches", "\\u00bfAlguna vez su ronquido ha molestado a otras personas?": "S\\u00ed", "\\u00bfHa notado alguien que usted deja de respirar cuando duerme?": "Casi todas las noches", "\\u00bfSe siente cansado o fatigado al levantarse por la ma\\u00f1ana?": "Casi todos los d\\u00edas", "fatiga_dia": "Casi todos los d\\u00edas", "\\u00bfAlguna vez se ha sentido somnoliento o se ha quedado dormido mientras va de pasajero en un carro o maneja un veh\\u00edculo?": null, "\\u00bfUsted tiene la presi\\u00f3n alta?": null}}'),
	(222, 18, 141, '{"Atenas": {"Inducci\\u00f3n del dormir (tiempo que le toma quedarse dormido una vez acostado)": "Ning\\u00fan problema", "Despertares durante la noche": "Ning\\u00fan problema", "Despertar final m\\u00e1s temprano de lo deseado": "No m\\u00e1s temprano", "Duraci\\u00f3n total del dormir": "Suficiente", "Calidad general del dormir (no importa cu\\u00e1nto tiempo durmi\\u00f3 usted)": "Satisfactoria", "Sensaci\\u00f3n de bienestar durante el d\\u00eda": "Normal", "Funcionamiento (f\\u00edsico y mental) durante el d\\u00eda": "Normal", "Somnolencia durante el d\\u00eda": "Ninguna"}}'),
	(223, 19, 141, '{"Atenas": {"Inducci\\u00f3n del dormir (tiempo que le toma quedarse dormido una vez acostado)": null, "Despertares durante la noche": null, "Despertar final m\\u00e1s temprano de lo deseado": "Muy severo", "Duraci\\u00f3n total del dormir": null, "Calidad general del dormir (no importa cu\\u00e1nto tiempo durmi\\u00f3 usted)": null, "Sensaci\\u00f3n de bienestar durante el d\\u00eda": null, "Funcionamiento (f\\u00edsico y mental) durante el d\\u00eda": null, "Somnolencia durante el d\\u00eda": null}}');

/*!40103 SET TIME_ZONE=IFNULL(@OLD_TIME_ZONE, 'system') */;
/*!40101 SET SQL_MODE=IFNULL(@OLD_SQL_MODE, '') */;
/*!40014 SET FOREIGN_KEY_CHECKS=IFNULL(@OLD_FOREIGN_KEY_CHECKS, 1) */;
/*!40101 SET CHARACTER_SET_CLIENT=@OLD_CHARACTER_SET_CLIENT */;
/*!40111 SET SQL_NOTES=IFNULL(@OLD_SQL_NOTES, 1) */;
